14227227,10/07/2013,19:08:00,Rape,Unknown/Not Available
14263070,12/15/2013,08:55:00,Disorderly Conduct,Unknown/Not Available
14062513,01/14/2013,01:15:00,Sex Offenses,Unknown/Not Available
14054780,01/09/2013,16:30:00,Disorderly Conduct,Unknown/Not Available
14066209,01/20/2013,01:00:00,Trespass,Unknown/Not Available
14116294,04/21/2013,01:25:00,"Assault, Simple",Unknown/Not Available
14119273,04/26/2013,07:40:00,"Assault, Simple",Unknown/Not Available
14138218,05/29/2013,06:18:00,"Assault, Simple",Unknown/Not Available
14145691,06/09/2013,17:34:00,"Assault, Simple",Unknown/Not Available
14184957,07/31/2013,15:32:00,Rape,Unknown/Not Available
14145693,06/09/2013,17:34:00,Rape,Unknown/Not Available
14172314,07/11/2013,12:00:00,Disorderly Conduct,Unknown/Not Available
14254468,12/01/2013,15:39:00,"Assault, Simple",Unknown/Not Available
14090382,02/27/2013,19:12:00,Rape,Unknown/Not Available
14128046,05/11/2013,03:30:00,Vandalism,Unknown/Not Available
14098488,03/18/2013,16:17:00,Burglary,Unknown/Not Available
14136383,05/25/2013,02:48:00,"Assault, Simple",Unknown/Not Available
14151603,06/16/2013,23:00:00,Sex Offenses,Unknown/Not Available
14056692,01/12/2013,00:12:00,Disorderly Conduct,Unknown/Not Available
14126639,05/09/2013,00:30:00,Runaway,Unknown/Not Available
14252203,11/22/2013,16:07:00,Runaway,Unknown/Not Available
14239499,11/05/2013,02:06:00,"Assault, Simple",Unknown/Not Available
14198564,08/27/2013,18:51:00,Sex Offenses,Unknown/Not Available
14154533,06/15/2013,19:50:00,Rape,Unknown/Not Available
14094574,03/15/2013,09:22:00,"Assault, Simple",Unknown/Not Available
14122246,04/30/2013,11:25:00,"Assault, Simple",Unknown/Not Available
14115519,04/06/2013,04:50:00,Arson,Unknown/Not Available
14116542,04/18/2013,11:08:00,Sex Offenses,Unknown/Not Available
14144209,06/07/2013,11:39:00,"Assault, Simple",Unknown/Not Available
14204595,09/11/2013,21:46:00,Runaway,Unknown/Not Available
14120435,04/27/2013,00:45:00,"Assault, Simple",Unknown/Not Available
14200175,09/07/2013,11:15:00,"Assault, Simple",Unknown/Not Available
14207821,09/17/2013,16:38:00,"Assault, Simple",Unknown/Not Available
14112112,04/11/2013,09:48:00,Disorderly Conduct,Unknown/Not Available
14187964,08/15/2013,20:16:00,Runaway,Unknown/Not Available
14101879,03/22/2013,11:12:00,Aggravated Assault,Unknown/Not Available
14209031,09/19/2013,10:00:00,Trespass,Unknown/Not Available
14247897,11/11/2013,16:30:00,Sex Offenses,Unknown/Not Available
14268362,12/25/2013,09:06:00,Vandalism,Unknown/Not Available
14125851,05/07/2013,22:40:00,Runaway,Unknown/Not Available
14196458,08/26/2013,16:56:00,Sex Offenses,Unknown/Not Available
14149648,06/17/2013,15:00:00,Runaway,Unknown/Not Available
14079091,02/16/2013,14:42:00,Runaway,Unknown/Not Available
14194800,08/27/2013,20:26:00,"Assault, Simple",Unknown/Not Available
14154631,06/25/2013,15:32:00,Fraud,Unknown/Not Available
14211289,09/21/2013,03:15:00,"Assault, Simple",Unknown/Not Available
14102484,03/29/2013,20:10:00,"Assault, Simple",Unknown/Not Available
14095226,03/16/2013,23:10:00,Runaway,Unknown/Not Available
14138687,05/29/2013,22:08:00,Runaway,Unknown/Not Available
14075136,02/10/2013,01:38:00,Runaway,Unknown/Not Available
14126920,05/09/2013,18:31:00,Runaway,Unknown/Not Available
14161320,07/05/2013,22:44:00,Runaway,Unknown/Not Available
14160429,07/03/2013,22:16:00,Runaway,Unknown/Not Available
14079808,02/18/2013,05:26:00,Runaway,Unknown/Not Available
14131490,05/16/2013,22:05:00,Runaway,Unknown/Not Available
14050434,01/03/2013,13:55:00,Runaway,Unknown/Not Available
14058364,01/15/2013,05:11:00,Runaway,Unknown/Not Available
14133715,05/21/2013,05:31:00,Runaway,Unknown/Not Available
14165240,07/11/2013,23:15:00,Runaway,Unknown/Not Available
14063103,01/21/2013,12:54:00,Runaway,Unknown/Not Available
14172058,07/23/2013,19:00:00,Runaway,Unknown/Not Available
14060213,01/17/2013,00:22:00,Runaway,Unknown/Not Available
14084830,02/26/2013,23:58:00,Runaway,Unknown/Not Available
14187119,08/14/2013,21:25:00,Runaway,Unknown/Not Available
14104477,04/02/2013,10:30:00,Runaway,Unknown/Not Available
14165813,07/12/2013,18:37:00,Runaway,Unknown/Not Available
14164491,07/10/2013,22:14:00,Runaway,Unknown/Not Available
14170560,07/21/2013,22:31:00,Runaway,Unknown/Not Available
14122644,05/02/2013,00:08:00,Runaway,Unknown/Not Available
14106585,04/05/2013,23:24:00,Runaway,Unknown/Not Available
14126922,05/09/2013,19:56:00,Runaway,Unknown/Not Available
14100596,03/26/2013,21:57:00,Runaway,Unknown/Not Available
14249231,11/15/2013,10:12:00,Larceny,Unknown/Not Available
14052648,01/06/2013,04:54:00,Aggravated Assault,Unknown/Not Available
14090509,03/07/2013,22:55:00,"Assault, Simple",Unknown/Not Available
14248759,11/20/2013,13:26:00,Runaway,Unknown/Not Available
14208604,09/18/2013,13:03:00,Runaway,Unknown/Not Available
14214788,09/28/2013,18:25:00,Runaway,Unknown/Not Available
14208921,09/06/2013,20:21:00,Disorderly Conduct,Unknown/Not Available
14137064,05/26/2013,16:19:00,Burglary,Unknown/Not Available
14157260,06/18/2013,20:03:00,Rape,Unknown/Not Available
14161253,06/26/2013,21:15:00,Sex Offenses,Unknown/Not Available
14268381,12/25/2013,23:58:00,Runaway,Unknown/Not Available
14143892,06/06/2013,22:12:00,"Assault, Simple",Unknown/Not Available
14252884,11/20/2013,18:07:00,Rape,Unknown/Not Available
14071948,02/04/2013,23:03:00,"Assault, Simple",Unknown/Not Available
14075453,02/10/2013,18:06:00,Runaway,Unknown/Not Available
14095073,03/16/2013,16:58:00,Runaway,Unknown/Not Available
14263073,12/15/2013,10:43:00,"Assault, Simple",Unknown/Not Available
14058739,01/08/2013,20:00:00,Disorderly Conduct,Unknown/Not Available
14095479,03/16/2013,15:56:00,"Assault, Simple",Unknown/Not Available
14244927,11/13/2013,15:30:00,"Assault, Simple",Unknown/Not Available
14080888,02/19/2013,15:45:00,"Assault, Simple",Unknown/Not Available
14206232,09/13/2013,23:28:00,"Assault, Simple",Unknown/Not Available
14107225,03/31/2013,21:34:00,Arson,Unknown/Not Available
14264471,12/17/2013,19:43:00,Disorderly Conduct,Unknown/Not Available
14173784,07/26/2013,16:31:00,Runaway,Unknown/Not Available
14133711,05/20/2013,22:01:00,"Assault, Simple",Unknown/Not Available
14060216,01/14/2013,14:22:00,Larceny,Unknown/Not Available
14150218,06/17/2013,11:55:00,Aggravated Assault,Unknown/Not Available
14086339,02/28/2013,17:43:00,Burglary,Unknown/Not Available
14127547,05/09/2013,19:42:00,"Assault, Simple",Unknown/Not Available
14099211,03/24/2013,13:34:00,Disorderly Conduct,Unknown/Not Available
14118078,04/23/2013,20:04:00,Aggravated Assault,Unknown/Not Available
14215270,09/16/2013,16:35:00,Rape,Unknown/Not Available
14274449,12/11/2013,13:15:00,Arson,Unknown/Not Available
14159930,07/02/2013,19:56:00,"Assault, Simple",Unknown/Not Available
14194796,08/27/2013,20:13:00,Runaway,Unknown/Not Available
14087300,03/03/2013,02:50:00,"Assault, Simple",Unknown/Not Available
14051148,01/04/2013,12:02:00,Runaway,Unknown/Not Available
14197078,08/30/2013,18:23:00,Runaway,Unknown/Not Available
14109816,04/10/2013,20:23:00,Runaway,Unknown/Not Available
14062659,01/20/2013,08:23:00,Runaway,Unknown/Not Available
14163775,07/10/2013,00:28:00,Runaway,Unknown/Not Available
14237271,10/22/2013,19:50:00,Sex Offenses,Unknown/Not Available
14072400,01/30/2013,15:15:00,Sex Offenses,Unknown/Not Available
14189714,08/19/2013,15:20:00,Larceny,Unknown/Not Available
14065528,01/25/2013,17:29:00,Runaway,Unknown/Not Available
14086797,03/02/2013,15:13:00,Runaway,Unknown/Not Available
14095503,03/17/2013,09:26:00,Runaway,Unknown/Not Available
14068582,01/30/2013,13:00:00,Disorderly Conduct,Unknown/Not Available
14215891,09/18/2013,06:54:00,Sex Offenses,Unknown/Not Available
14053850,01/08/2013,19:26:00,Trespass,Unknown/Not Available
14088181,02/22/2013,14:41:00,Rape,Unknown/Not Available
14181159,08/05/2013,21:34:00,Larceny,Unknown/Not Available
14165803,07/12/2013,10:34:00,"Assault, Simple",Unknown/Not Available
14223629,08/18/2013,01:25:00,Arson,Unknown/Not Available
14067804,01/07/2013,02:28:00,Aggravated Assault,Unknown/Not Available
14100573,03/22/2013,17:12:00,Disorderly Conduct,Unknown/Not Available
14262400,12/14/2013,08:31:00,Runaway,Unknown/Not Available
14073503,02/07/2013,16:23:00,Runaway,Unknown/Not Available
14200199,09/08/2013,01:30:00,Runaway,Unknown/Not Available
14126901,05/08/2013,15:34:00,"Assault, Simple",Unknown/Not Available
14093301,03/13/2013,12:15:00,Runaway,Unknown/Not Available
14080212,02/19/2013,15:17:00,Runaway,Unknown/Not Available
14254296,11/29/2013,15:22:00,"Assault, Simple",Unknown/Not Available
14093282,03/12/2013,19:54:00,"Assault, Simple",Unknown/Not Available
14107052,04/05/2013,15:51:00,Aggravated Assault,Unknown/Not Available
14163320,07/08/2013,17:18:00,"Assault, Simple",Unknown/Not Available
14266394,12/21/2013,03:23:00,Aggravated Assault,Unknown/Not Available
14246683,11/16/2013,19:38:00,Trespass,Unknown/Not Available
14169384,07/18/2013,03:23:00,Robbery,Unknown/Not Available
14160433,07/04/2013,03:20:00,Runaway,Unknown/Not Available
14095304,01/30/2013,13:00:00,Sex Offenses,Unknown/Not Available
14097555,03/13/2013,13:36:00,Disorderly Conduct,Unknown/Not Available
14070562,02/02/2013,21:11:00,Disorderly Conduct,Unknown/Not Available
14158075,06/30/2013,15:40:00,Disorderly Conduct,Unknown/Not Available
14250751,11/22/2013,17:52:00,"Assault, Simple",Unknown/Not Available
14082311,02/22/2013,12:02:00,Runaway,Unknown/Not Available
14089112,03/06/2013,14:24:00,Runaway,Unknown/Not Available
14085700,02/28/2013,09:39:00,Runaway,Unknown/Not Available
14148206,06/13/2013,11:05:00,Disorderly Conduct,Unknown/Not Available
14132652,05/18/2013,12:21:00,Trespass,Unknown/Not Available
14123852,05/04/2013,06:30:00,Trespass,Unknown/Not Available
14120280,04/24/2013,20:43:00,Disorderly Conduct,Unknown/Not Available
14127535,05/08/2013,22:16:00,"Assault, Simple",Unknown/Not Available
14112379,04/14/2013,23:02:00,"Assault, Simple",Unknown/Not Available
14086301,02/21/2013,01:55:00,Sex Offenses,Unknown/Not Available
14115028,04/19/2013,15:07:00,Runaway,Unknown/Not Available
14129646,05/13/2013,16:09:00,Burglary,Unknown/Not Available
14186290,08/13/2013,21:43:00,Runaway,Unknown/Not Available
14254634,12/02/2013,10:10:00,Runaway,Unknown/Not Available
14269059,12/27/2013,14:00:00,Runaway,Unknown/Not Available
14121298,04/10/2013,21:40:00,Arson,Unknown/Not Available
14140166,05/19/2013,00:45:00,Arson,Unknown/Not Available
14237131,11/01/2013,21:53:00,Runaway,Unknown/Not Available
14232819,10/25/2013,20:42:00,Runaway,Unknown/Not Available
14242043,11/09/2013,23:55:00,Runaway,Unknown/Not Available
14167203,07/14/2013,18:30:00,"Assault, Simple",Unknown/Not Available
14157866,06/28/2013,20:27:00,"Assault, Simple",Unknown/Not Available
14228658,10/19/2013,10:32:00,Disorderly Conduct,Unknown/Not Available
14143072,06/05/2013,17:52:00,Larceny,Unknown/Not Available
14145869,06/03/2013,06:00:00,Trespass,Unknown/Not Available
14232312,10/24/2013,22:18:00,"Assault, Simple",Unknown/Not Available
14173101,07/25/2013,06:11:00,"Assault, Simple",Unknown/Not Available
14199296,09/03/2013,23:26:00,"Assault, Simple",Unknown/Not Available
14255103,11/25/2013,12:46:00,"Assault, Simple",Unknown/Not Available
14232288,10/24/2013,05:03:00,"Assault, Simple",Unknown/Not Available
14083228,02/23/2013,19:33:00,Disorderly Conduct,Unknown/Not Available
14194738,08/21/2013,12:09:00,Rape,Unknown/Not Available
14236304,10/30/2013,20:20:00,Aggravated Assault,Unknown/Not Available
14079807,02/18/2013,04:28:00,Runaway,Unknown/Not Available
14079266,02/16/2013,19:48:00,Runaway,Unknown/Not Available
14184180,08/01/2013,18:10:00,Larceny,Unknown/Not Available
14136817,05/27/2013,00:50:00,Runaway,Unknown/Not Available
14172369,07/24/2013,01:01:00,"Assault, Simple",Unknown/Not Available
14107900,04/07/2013,20:41:00,"Assault, Simple",Unknown/Not Available
14067094,01/27/2013,20:14:00,Runaway,Unknown/Not Available
14179404,07/23/2013,15:09:00,Sex Offenses,Unknown/Not Available
14055241,01/10/2013,06:27:00,"Assault, Simple",Unknown/Not Available
14054244,01/09/2013,08:00:00,Runaway,Unknown/Not Available
14067340,01/28/2013,03:11:00,"Assault, Simple",Unknown/Not Available
14204126,09/11/2013,04:41:00,"Assault, Simple",Unknown/Not Available
14204125,09/11/2013,04:41:00,"Assault, Simple",Unknown/Not Available
14061013,01/17/2013,14:45:00,Trespass,Unknown/Not Available
14226514,10/06/2013,03:07:00,Arson,Unknown/Not Available
14103982,03/27/2013,03:49:00,Curfew,Unknown/Not Available
14094585,03/15/2013,19:48:00,Runaway,Unknown/Not Available
14121202,04/29/2013,10:39:00,Burglary,Unknown/Not Available
14121210,04/29/2013,10:39:00,Disorderly Conduct,Unknown/Not Available
14221640,09/30/2013,10:02:00,Motor Vehicle Theft,Unknown/Not Available
14228035,10/17/2013,17:48:00,"Assault, Simple",Unknown/Not Available
14245577,11/15/2013,07:15:00,Runaway,Unknown/Not Available
14212581,09/24/2013,13:25:00,"Assault, Simple",Unknown/Not Available
14120192,03/02/2013,18:15:00,Sex Offenses,Unknown/Not Available
14269016,12/20/2013,19:50:00,"Assault, Simple",Unknown/Not Available
14084429,02/26/2013,11:16:00,Disorderly Conduct,Unknown/Not Available
14260390,12/10/2013,22:20:00,Aggravated Assault,Unknown/Not Available
14056355,01/11/2013,21:45:00,Runaway,Unknown/Not Available
14073458,02/06/2013,16:56:00,"Assault, Simple",Unknown/Not Available
14089392,03/06/2013,17:23:00,Disorderly Conduct,Unknown/Not Available
14183551,08/07/2013,21:41:00,"Assault, Simple",Unknown/Not Available
14164772,07/11/2013,11:28:00,Runaway,Unknown/Not Available
14062638,01/19/2013,18:23:00,"Assault, Simple",Unknown/Not Available
14158869,06/30/2013,16:17:00,"Assault, Simple",Unknown/Not Available
14079582,02/17/2013,22:30:00,Runaway,Unknown/Not Available
14119109,04/25/2013,22:39:00,Runaway,Unknown/Not Available
14124409,05/05/2013,23:40:00,Runaway,Unknown/Not Available
14223531,10/11/2013,22:05:00,Runaway,Unknown/Not Available
14124028,05/04/2013,22:30:00,Runaway,Unknown/Not Available
14140691,06/02/2013,12:00:00,Trespass,Unknown/Not Available
14117889,04/15/2013,11:51:00,Arson,Unknown/Not Available
14101952,03/28/2013,12:32:00,"Assault, Simple",Unknown/Not Available
14159531,06/06/2013,19:14:00,Arson,Unknown/Not Available
14159535,06/08/2013,12:25:00,Arson,Unknown/Not Available
14188754,08/09/2013,17:54:00,Sex Offenses,Unknown/Not Available
14266383,12/20/2013,23:43:00,"Assault, Simple",Unknown/Not Available
14080895,02/19/2013,21:21:00,"Assault, Simple",Unknown/Not Available
14265250,12/18/2013,16:17:00,Disorderly Conduct,Unknown/Not Available
14181137,08/04/2013,18:55:00,"Assault, Simple",Unknown/Not Available
14135116,05/23/2013,00:53:00,"Assault, Simple",Unknown/Not Available
14157876,06/29/2013,20:50:00,Aggravated Assault,Unknown/Not Available
14274594,12/27/2013,13:15:00,Larceny,Unknown/Not Available
14187284,08/05/2013,22:30:00,Sex Offenses,Unknown/Not Available
14221146,09/24/2013,12:00:00,Sex Offenses,Unknown/Not Available
14218564,09/19/2013,21:36:00,Aggravated Assault,Unknown/Not Available
14131640,05/16/2013,14:42:00,"Assault, Simple",Unknown/Not Available
14084150,02/16/2013,22:35:00,Sex Offenses,Unknown/Not Available
14268578,12/25/2013,21:40:00,Disorderly Conduct,Unknown/Not Available
14188799,08/17/2013,01:05:00,Aggravated Assault,Unknown/Not Available
14217871,10/02/2013,17:07:00,Trespass,Unknown/Not Available
14209629,09/18/2013,18:10:00,Disorderly Conduct,Unknown/Not Available
14055986,01/01/2013,01:25:00,"Assault, Simple",Unknown/Not Available
14258563,12/08/2013,17:02:00,Larceny,Unknown/Not Available
14209653,09/19/2013,21:59:00,Disorderly Conduct,Unknown/Not Available
14270539,12/29/2013,20:53:00,"Assault, Simple",Unknown/Not Available
14120628,04/28/2013,10:25:00,Disorderly Conduct,Unknown/Not Available
14144934,06/08/2013,22:02:00,"Assault, Simple",Unknown/Not Available
14206010,09/03/2013,20:06:00,Larceny,Unknown/Not Available
14193540,08/26/2013,02:54:00,"Assault, Simple",Unknown/Not Available
14075121,02/09/2013,20:36:00,Runaway,Unknown/Not Available
14161449,06/27/2013,09:41:00,Trespass,Unknown/Not Available
14222368,10/09/2013,15:25:00,Burglary,Unknown/Not Available
14060589,01/16/2013,14:54:00,Disorderly Conduct,Unknown/Not Available
14170559,07/21/2013,21:54:00,Runaway,Unknown/Not Available
14137061,05/26/2013,06:11:00,Arson,Unknown/Not Available
14055680,01/10/2013,18:54:00,Runaway,Unknown/Not Available
14067932,01/28/2013,17:12:00,"Assault, Simple",Unknown/Not Available
14138828,05/29/2013,18:28:00,"Assault, Simple",Unknown/Not Available
14178082,08/01/2013,00:10:00,"Assault, Simple",Unknown/Not Available
14274549,12/27/2013,00:35:00,Curfew,Unknown/Not Available
14152935,06/22/2013,04:39:00,Trespass,Unknown/Not Available
14063880,01/21/2013,13:52:00,Disorderly Conduct,Unknown/Not Available
14128556,05/11/2013,12:12:00,Aggravated Assault,Unknown/Not Available
14132840,05/19/2013,23:00:00,Aggravated Assault,Unknown/Not Available
14106793,04/06/2013,08:38:00,Runaway,Unknown/Not Available
14124229,05/04/2013,20:40:00,Disorderly Conduct,Unknown/Not Available
14230374,10/22/2013,12:29:00,Burglary,Unknown/Not Available
14244052,11/13/2013,08:22:00,Disorderly Conduct,Unknown/Not Available
14224093,10/12/2013,17:21:00,Runaway,Unknown/Not Available
14232300,10/24/2013,18:35:00,"Assault, Simple",Unknown/Not Available
14180795,08/04/2013,04:02:00,"Assault, Simple",Unknown/Not Available
14116109,04/20/2013,21:49:00,"Assault, Simple",Unknown/Not Available
14125801,05/04/2013,04:28:00,Rape,Unknown/Not Available
14078226,02/14/2013,13:38:00,Disorderly Conduct,Unknown/Not Available
14215042,09/27/2013,23:00:00,"Assault, Simple",Unknown/Not Available
14153240,06/22/2013,20:17:00,Runaway,Unknown/Not Available
14169396,07/18/2013,22:34:00,Trespass,Unknown/Not Available
14252388,11/26/2013,19:51:00,"Assault, Simple",Unknown/Not Available
14162500,06/28/2013,15:23:00,Sex Offenses,Unknown/Not Available
14192874,08/23/2013,17:30:00,"Assault, Simple",Unknown/Not Available
14161490,07/06/2013,09:50:00,"Assault, Simple",Unknown/Not Available
14085705,02/27/2013,20:36:00,Aggravated Assault,Unknown/Not Available
14172043,07/22/2013,17:28:00,"Assault, Simple",Unknown/Not Available
14061010,01/17/2013,09:49:00,Trespass,Unknown/Not Available
14129112,05/11/2013,20:29:00,"Assault, Simple",Unknown/Not Available
14129113,05/11/2013,20:29:00,Aggravated Assault,Unknown/Not Available
14173749,07/25/2013,16:19:00,Aggravated Assault,Unknown/Not Available
14264507,12/18/2013,05:26:00,Vandalism,Unknown/Not Available
14258558,12/08/2013,12:58:00,"Assault, Simple",Unknown/Not Available
14198065,09/02/2013,02:12:00,Disorderly Conduct,Unknown/Not Available
14183579,08/07/2013,23:40:00,Trespass,Unknown/Not Available
14191479,08/21/2013,21:13:00,Aggravated Assault,Unknown/Not Available
14197863,08/30/2013,04:35:00,Disorderly Conduct,Unknown/Not Available
14203805,09/10/2013,11:30:00,"Assault, Simple",Unknown/Not Available
14200027,09/05/2013,11:03:00,Larceny,Unknown/Not Available
14052353,01/06/2013,01:25:00,"Assault, Simple",Unknown/Not Available
14224585,10/12/2013,13:08:00,Disorderly Conduct,Unknown/Not Available
14119061,04/22/2013,16:34:00,Rape,Unknown/Not Available
14081559,02/21/2013,09:22:00,Runaway,Unknown/Not Available
14051761,01/04/2013,23:44:00,"Assault, Simple",Unknown/Not Available
14234934,10/29/2013,14:21:00,Runaway,Unknown/Not Available
14199983,09/03/2013,16:29:00,Disorderly Conduct,Unknown/Not Available
14060463,01/08/2013,12:55:00,Rape,Unknown/Not Available
14258718,12/08/2013,22:11:00,"Assault, Simple",Unknown/Not Available
14125722,04/21/2013,14:45:00,Arson,Unknown/Not Available
14178100,07/30/2013,10:21:00,Larceny,Unknown/Not Available
14162603,07/06/2013,19:25:00,"Assault, Simple",Unknown/Not Available
14070114,02/01/2013,19:00:00,Runaway,Unknown/Not Available
14228084,10/18/2013,15:10:00,Runaway,Unknown/Not Available
14257735,12/06/2013,21:37:00,Runaway,Unknown/Not Available
14129124,05/12/2013,20:34:00,Trespass,Unknown/Not Available
14069796,01/26/2013,13:25:00,Rape,Unknown/Not Available
14099173,03/23/2013,11:35:00,Disorderly Conduct,Unknown/Not Available
14096380,03/18/2013,23:08:00,"Assault, Simple",Unknown/Not Available
14152154,06/20/2013,18:30:00,Runaway,Unknown/Not Available
14097246,03/20/2013,13:52:00,"Assault, Simple",Unknown/Not Available
14229366,10/20/2013,02:45:00,Larceny,Unknown/Not Available
14185868,08/13/2013,02:24:00,Runaway,Unknown/Not Available
14195210,08/28/2013,12:54:00,Disorderly Conduct,Unknown/Not Available
14199606,09/04/2013,21:23:00,Disorderly Conduct,Unknown/Not Available
14185163,08/12/2013,12:33:00,Runaway,Unknown/Not Available
14162081,06/28/2013,23:22:00,"Assault, Simple",Unknown/Not Available
14137411,05/21/2013,10:47:00,Trespass,Unknown/Not Available
14227040,10/16/2013,23:12:00,Runaway,Unknown/Not Available
14267656,12/24/2013,01:46:00,Vandalism,Unknown/Not Available
14208441,08/22/2013,16:00:00,Sex Offenses,Unknown/Not Available
14211102,09/13/2013,13:00:00,Vandalism,Unknown/Not Available
14187180,07/30/2013,00:02:00,Arson,Unknown/Not Available
14254896,12/02/2013,14:20:00,Trespass,Unknown/Not Available
14107348,04/06/2013,22:28:00,"Assault, Simple",Unknown/Not Available
14269034,12/26/2013,16:56:00,Trespass,Unknown/Not Available
14197266,08/30/2013,17:52:00,"Assault, Simple",Unknown/Not Available
14094351,03/06/2013,14:22:00,"Assault, Simple",Unknown/Not Available
14238667,11/04/2013,19:20:00,Trespass,Unknown/Not Available
14210592,09/21/2013,17:56:00,Disorderly Conduct,Unknown/Not Available
14061423,01/18/2013,06:21:00,"Assault, Simple",Unknown/Not Available
14067100,01/28/2013,00:30:00,Runaway,Unknown/Not Available
14202737,09/09/2013,20:52:00,Disorderly Conduct,Unknown/Not Available
14103290,03/25/2013,15:17:00,Burglary,Unknown/Not Available
14207843,09/17/2013,21:06:00,Disorderly Conduct,Unknown/Not Available
14138031,05/28/2013,19:41:00,Runaway,Unknown/Not Available
14090795,02/24/2013,05:45:00,Arson,Unknown/Not Available
14087162,02/11/2013,10:35:00,Sex Offenses,Unknown/Not Available
14087118,02/11/2013,10:35:00,Sex Offenses,Unknown/Not Available
14061000,01/14/2013,19:50:00,"Assault, Simple",Unknown/Not Available
14255957,12/03/2013,21:57:00,"Assault, Simple",Unknown/Not Available
14117983,04/20/2013,23:09:00,Trespass,Unknown/Not Available
14210011,08/15/2013,16:09:00,Sex Offenses,Unknown/Not Available
14074595,02/09/2013,00:49:00,Runaway,Unknown/Not Available
14209633,09/19/2013,13:16:00,"Assault, Simple",Unknown/Not Available
14080622,02/18/2013,15:15:00,"Assault, Simple",Unknown/Not Available
14149150,06/15/2013,21:32:00,"Assault, Simple",Unknown/Not Available
14141742,06/03/2013,19:45:00,Disorderly Conduct,Unknown/Not Available
14193924,08/24/2013,22:16:00,Trespass,Unknown/Not Available
14057873,01/13/2013,19:25:00,Aggravated Assault,Unknown/Not Available
14250930,11/24/2013,07:30:00,Rape,Unknown/Not Available
14104552,02/18/2013,05:04:00,Arson,Unknown/Not Available
14205639,09/03/2013,22:06:00,Trespass,Unknown/Not Available
14266167,12/20/2013,20:59:00,Runaway,Unknown/Not Available
14109810,04/08/2013,12:09:00,Larceny,Unknown/Not Available
14146617,06/11/2013,10:18:00,Disorderly Conduct,Unknown/Not Available
14123847,05/03/2013,23:53:00,Disorderly Conduct,Unknown/Not Available
14161481,07/05/2013,23:41:00,Disorderly Conduct,Unknown/Not Available
14266712,12/22/2013,14:56:00,Runaway,Unknown/Not Available
14205682,09/13/2013,09:56:00,Runaway,Unknown/Not Available
14176048,07/29/2013,20:27:00,Runaway,Unknown/Not Available
14165747,07/02/2013,20:11:00,Sex Offenses,Unknown/Not Available
14145285,06/10/2013,20:00:00,Runaway,Unknown/Not Available
14216019,09/29/2013,19:28:00,"Assault, Simple",Unknown/Not Available
14109342,04/10/2013,08:35:00,Trespass,Unknown/Not Available
14211258,09/10/2013,22:50:00,Arson,Unknown/Not Available
14104561,03/26/2013,23:54:00,Disorderly Conduct,Unknown/Not Available
14133684,05/19/2013,22:45:00,Disorderly Conduct,Unknown/Not Available
14067722,01/28/2013,22:03:00,Runaway,Unknown/Not Available
14189713,08/19/2013,14:22:00,"Assault, Simple",Unknown/Not Available
14114439,04/18/2013,00:14:00,"Assault, Simple",Unknown/Not Available
14139367,05/24/2013,13:53:00,Fraud,"7300-7498 block of SE 112TH AVE, PORTLAND, OR 97266"
14222387,10/10/2013,08:07:00,Runaway,Unknown/Not Available
14204112,09/10/2013,14:41:00,Aggravated Assault,Unknown/Not Available
14207744,09/11/2013,14:00:00,Larceny,Unknown/Not Available
14251865,11/26/2013,16:15:00,Runaway,Unknown/Not Available
14091768,03/10/2013,21:47:00,Runaway,Unknown/Not Available
14085378,02/27/2013,19:36:00,Runaway,Unknown/Not Available
14121240,04/17/2013,09:43:00,Aggravated Assault,Unknown/Not Available
14099644,03/25/2013,12:32:00,Runaway,Unknown/Not Available
14178050,07/24/2013,13:50:00,Vandalism,Unknown/Not Available
14049737,01/01/2013,14:16:00,Vandalism,Unknown/Not Available
14089702,03/07/2013,00:35:00,Disorderly Conduct,Unknown/Not Available
14206381,09/14/2013,22:43:00,Runaway,Unknown/Not Available
14228645,10/18/2013,23:11:00,"Assault, Simple",Unknown/Not Available
14255228,12/03/2013,16:35:00,Runaway,Unknown/Not Available
14075621,02/10/2013,11:03:00,Aggravated Assault,Unknown/Not Available
14192872,08/23/2013,16:55:00,Disorderly Conduct,Unknown/Not Available
14123827,05/02/2013,17:14:00,Disorderly Conduct,Unknown/Not Available
14051126,01/04/2013,02:56:00,Disorderly Conduct,Unknown/Not Available
14221676,10/09/2013,19:39:00,Runaway,Unknown/Not Available
14135500,05/23/2013,18:29:00,Runaway,Unknown/Not Available
14244616,11/14/2013,10:05:00,"Assault, Simple",Unknown/Not Available
14088874,02/20/2013,20:51:00,Aggravated Assault,Unknown/Not Available
14122787,04/30/2013,09:14:00,Fraud,Unknown/Not Available
14054217,01/05/2013,21:53:00,Aggravated Assault,Unknown/Not Available
14185151,08/11/2013,23:51:00,"Assault, Simple",Unknown/Not Available
14119884,04/26/2013,13:17:00,"Assault, Simple",Unknown/Not Available
14119881,04/26/2013,13:17:00,Aggravated Assault,Unknown/Not Available
14093920,03/14/2013,01:23:00,"Assault, Simple",Unknown/Not Available
14131467,05/15/2013,23:41:00,"Assault, Simple",Unknown/Not Available
14147719,06/13/2013,00:47:00,Disorderly Conduct,Unknown/Not Available
14210337,09/20/2013,17:46:00,Disorderly Conduct,Unknown/Not Available
14232126,10/24/2013,15:25:00,Disorderly Conduct,Unknown/Not Available
14186636,08/14/2013,14:35:00,Runaway,Unknown/Not Available
14278259,12/27/2013,12:30:00,Sex Offenses,Unknown/Not Available
14123228,05/02/2013,21:59:00,Runaway,Unknown/Not Available
14245573,11/15/2013,01:22:00,"Assault, Simple",Unknown/Not Available
14146606,06/10/2013,20:01:00,Aggravated Assault,Unknown/Not Available
14097245,03/20/2013,12:24:00,Aggravated Assault,Unknown/Not Available
14068567,01/29/2013,20:04:00,"Assault, Simple",Unknown/Not Available
14098820,03/23/2013,19:15:00,Runaway,Unknown/Not Available
14164748,07/10/2013,11:23:00,Trespass,Unknown/Not Available
14189725,08/19/2013,17:54:00,Larceny,Unknown/Not Available
14210867,09/21/2013,15:49:00,"Assault, Simple",Unknown/Not Available
14158729,06/12/2013,14:10:00,Sex Offenses,Unknown/Not Available
14210884,09/22/2013,06:23:00,Runaway,Unknown/Not Available
14131603,05/11/2013,22:05:00,Vandalism,Unknown/Not Available
14100599,03/26/2013,23:53:00,Runaway,Unknown/Not Available
14260040,12/09/2013,15:06:00,"Assault, Simple",Unknown/Not Available
14085033,02/26/2013,20:56:00,"Assault, Simple",Unknown/Not Available
14227584,09/06/2013,12:29:00,Disorderly Conduct,Unknown/Not Available
14126166,05/07/2013,09:13:00,Disorderly Conduct,Unknown/Not Available
14210712,09/08/2013,21:37:00,Rape,Unknown/Not Available
14201611,09/08/2013,02:15:00,Aggravated Assault,Unknown/Not Available
14171529,07/14/2013,00:12:00,Aggravated Assault,Unknown/Not Available
14171528,07/14/2013,00:12:00,Aggravated Assault,Unknown/Not Available
14130788,05/15/2013,20:00:00,Runaway,Unknown/Not Available
14118508,04/24/2013,14:45:00,"Assault, Simple",Unknown/Not Available
14118508,04/24/2013,14:45:00,"Assault, Simple",Unknown/Not Available
14132485,05/18/2013,10:31:00,Disorderly Conduct,Unknown/Not Available
14128579,05/12/2013,03:01:00,"Assault, Simple",Unknown/Not Available
14147385,05/29/2013,10:30:00,"Assault, Simple",Unknown/Not Available
14070425,02/01/2013,19:15:00,"Assault, Simple",Unknown/Not Available
14150792,06/17/2013,20:15:00,"Assault, Simple",Unknown/Not Available
14164447,07/10/2013,14:30:00,Larceny,Unknown/Not Available
14099936,03/18/2013,22:02:00,Rape,Unknown/Not Available
14219955,10/06/2013,19:31:00,"Assault, Simple",Unknown/Not Available
14165777,07/04/2013,17:19:00,Disorderly Conduct,Unknown/Not Available
14051923,01/05/2013,23:22:00,Trespass,Unknown/Not Available
14223041,10/10/2013,19:39:00,Disorderly Conduct,Unknown/Not Available
14057367,01/13/2013,03:23:00,"Assault, Simple",Unknown/Not Available
14127948,05/08/2013,04:32:00,Vandalism,Unknown/Not Available
14238657,11/03/2013,16:02:00,Aggravated Assault,Unknown/Not Available
14260901,12/10/2013,13:49:00,Trespass,Unknown/Not Available
14260897,12/10/2013,13:49:00,Trespass,Unknown/Not Available
14260894,12/10/2013,13:49:00,Trespass,Unknown/Not Available
14260898,12/10/2013,13:49:00,Trespass,Unknown/Not Available
14260904,12/10/2013,13:49:00,Trespass,Unknown/Not Available
14260903,12/10/2013,13:49:00,Trespass,Unknown/Not Available
14122638,05/01/2013,20:01:00,Runaway,Unknown/Not Available
14162992,07/07/2013,15:30:00,Disorderly Conduct,Unknown/Not Available
14063907,01/22/2013,03:17:00,Aggravated Assault,Unknown/Not Available
14213271,09/23/2013,18:04:00,"Assault, Simple",Unknown/Not Available
14201120,09/07/2013,20:51:00,Vandalism,Unknown/Not Available
14218513,09/23/2013,09:03:00,Larceny,Unknown/Not Available
14089042,02/27/2013,09:17:00,Vandalism,Unknown/Not Available
14126885,05/08/2013,15:50:00,Disorderly Conduct,Unknown/Not Available
14176944,07/30/2013,14:07:00,Robbery,Unknown/Not Available
14122850,05/02/2013,13:04:00,Disorderly Conduct,Unknown/Not Available
14205476,09/01/2013,22:27:00,Larceny,Unknown/Not Available
14205662,09/12/2013,13:42:00,Disorderly Conduct,Unknown/Not Available
14244786,11/06/2013,12:30:00,Trespass,Unknown/Not Available
14233555,10/27/2013,03:06:00,Larceny,Unknown/Not Available
14155841,06/26/2013,21:34:00,Vandalism,Unknown/Not Available
14209660,09/20/2013,00:40:00,Larceny,Unknown/Not Available
14262236,12/10/2013,13:53:00,Disorderly Conduct,Unknown/Not Available
14101478,03/26/2013,07:31:00,"Assault, Simple",Unknown/Not Available
14196494,08/29/2013,19:05:00,Sex Offenses,Unknown/Not Available
14107920,04/08/2013,09:46:00,Runaway,Unknown/Not Available
14101962,03/28/2013,13:38:00,Disorderly Conduct,Unknown/Not Available
14187922,08/14/2013,18:49:00,"Assault, Simple",Unknown/Not Available
14114384,04/15/2013,14:30:00,Aggravated Assault,Unknown/Not Available
14170886,07/22/2013,12:00:00,Runaway,Unknown/Not Available
14186471,08/04/2013,08:01:00,Aggravated Assault,Unknown/Not Available
14240433,11/06/2013,23:19:00,Runaway,Unknown/Not Available
14125295,05/07/2013,06:26:00,Burglary,Unknown/Not Available
14152327,06/20/2013,14:03:00,Disorderly Conduct,Unknown/Not Available
14085710,02/28/2013,14:24:00,Runaway,Unknown/Not Available
14134933,05/22/2013,02:39:00,Aggravated Assault,Unknown/Not Available
14123276,02/18/2013,12:03:00,Rape,Unknown/Not Available
14196514,08/30/2013,08:13:00,Disorderly Conduct,Unknown/Not Available
14237398,10/25/2013,13:33:00,Larceny,Unknown/Not Available
14214303,09/27/2013,18:44:00,Runaway,Unknown/Not Available
14172389,07/24/2013,19:29:00,Runaway,Unknown/Not Available
14206774,09/15/2013,19:23:00,Runaway,Unknown/Not Available
14194772,08/26/2013,08:50:00,Disorderly Conduct,Unknown/Not Available
14267070,12/23/2013,12:49:00,Runaway,Unknown/Not Available
14184048,08/09/2013,18:04:00,Runaway,Unknown/Not Available
14234846,10/20/2013,11:28:00,Rape,Unknown/Not Available
14218507,09/22/2013,16:36:00,Larceny,Unknown/Not Available
14063912,01/22/2013,05:27:00,"Assault, Simple",Unknown/Not Available
14073499,02/07/2013,09:13:00,Runaway,Unknown/Not Available
14225431,10/14/2013,18:40:00,Runaway,Unknown/Not Available
14263764,12/09/2013,14:29:00,Sex Offenses,Unknown/Not Available
14233278,10/25/2013,19:31:00,Disorderly Conduct,Unknown/Not Available
14229814,10/21/2013,10:14:00,Trespass,Unknown/Not Available
14144219,06/07/2013,18:07:00,"Assault, Simple",Unknown/Not Available
14213286,09/25/2013,19:39:00,Disorderly Conduct,Unknown/Not Available
14107924,04/08/2013,10:47:00,Runaway,Unknown/Not Available
14211726,09/23/2013,15:05:00,Disorderly Conduct,Unknown/Not Available
14244957,11/14/2013,11:00:00,Runaway,Unknown/Not Available
14198081,09/02/2013,13:00:00,Motor Vehicle Theft,Unknown/Not Available
14230348,10/22/2013,07:51:00,Aggravated Assault,Unknown/Not Available
14260403,12/11/2013,10:45:00,Disorderly Conduct,Unknown/Not Available
14251128,11/25/2013,05:26:00,Larceny,Unknown/Not Available
14060181,01/12/2013,16:16:00,Disorderly Conduct,Unknown/Not Available
14132103,05/18/2013,03:06:00,Runaway,Unknown/Not Available
14066494,01/26/2013,19:02:00,Runaway,Unknown/Not Available
14221654,09/25/2013,15:00:00,Disorderly Conduct,Unknown/Not Available
14182822,07/29/2013,11:43:00,Fraud,Unknown/Not Available
14126638,05/09/2013,00:30:00,Runaway,Unknown/Not Available
14271911,12/26/2013,08:40:00,Disorderly Conduct,Unknown/Not Available
14240432,11/06/2013,22:30:00,Runaway,Unknown/Not Available
14280729,12/26/2013,21:00:00,Sex Offenses,Unknown/Not Available
14230990,10/22/2013,20:18:00,Disorderly Conduct,Unknown/Not Available
14144747,06/01/2013,16:52:00,Offenses Against Family,Unknown/Not Available
14260383,12/10/2013,19:17:00,"Assault, Simple",Unknown/Not Available
14244041,11/13/2013,00:05:00,Disorderly Conduct,Unknown/Not Available
14265799,12/20/2013,17:29:00,Runaway,Unknown/Not Available
14110441,04/11/2013,02:01:00,Aggravated Assault,Unknown/Not Available
14110442,04/11/2013,02:01:00,Aggravated Assault,Unknown/Not Available
14217784,09/20/2013,05:26:00,Arson,Unknown/Not Available
14070427,02/01/2013,20:17:00,"Assault, Simple",Unknown/Not Available
14202678,09/05/2013,16:59:00,Disorderly Conduct,Unknown/Not Available
14255872,11/20/2013,10:30:00,"Assault, Simple",Unknown/Not Available
14095207,03/16/2013,11:43:00,Disorderly Conduct,Unknown/Not Available
14071957,02/05/2013,02:35:00,"Assault, Simple",Unknown/Not Available
14140012,05/26/2013,15:18:00,Vandalism,Unknown/Not Available
14128202,05/10/2013,17:11:00,"Assault, Simple",Unknown/Not Available
14187023,08/05/2013,17:14:00,Larceny,Unknown/Not Available
14269068,12/27/2013,15:45:00,Runaway,Unknown/Not Available
14161709,06/27/2013,00:12:00,Arson,Unknown/Not Available
14230255,10/13/2013,17:04:00,"Assault, Simple",Unknown/Not Available
14099954,03/20/2013,01:57:00,Trespass,Unknown/Not Available
14181725,08/05/2013,21:53:00,"Assault, Simple",Unknown/Not Available
14228390,10/18/2013,08:13:00,Aggravated Assault,Unknown/Not Available
14166761,07/14/2013,17:59:00,Drugs,Unknown/Not Available
14256715,12/05/2013,03:12:00,"Assault, Simple",Unknown/Not Available
14235591,10/30/2013,00:42:00,Aggravated Assault,Unknown/Not Available
14124208,05/03/2013,10:54:00,Disorderly Conduct,Unknown/Not Available
14091307,03/09/2013,17:17:00,Vandalism,Unknown/Not Available
14059209,01/15/2013,01:55:00,Aggravated Assault,Unknown/Not Available
14083730,02/13/2013,14:00:00,"Assault, Simple",Unknown/Not Available
14122849,05/02/2013,10:30:00,Disorderly Conduct,Unknown/Not Available
14236005,10/22/2013,11:51:00,Trespass,Unknown/Not Available
14118754,04/24/2013,13:10:00,Disorderly Conduct,Unknown/Not Available
14124014,05/04/2013,12:06:00,Aggravated Assault,Unknown/Not Available
14056966,01/13/2013,00:26:00,Runaway,Unknown/Not Available
14197887,09/01/2013,22:01:00,Trespass,Unknown/Not Available
14170445,07/21/2013,16:14:00,Runaway,Unknown/Not Available
14264519,12/18/2013,17:06:00,Runaway,Unknown/Not Available
14238092,10/24/2013,17:41:00,Sex Offenses,Unknown/Not Available
14209009,09/18/2013,23:18:00,Runaway,Unknown/Not Available
14212115,09/24/2013,10:40:00,Runaway,Unknown/Not Available
14150859,06/10/2013,02:23:00,Rape,Unknown/Not Available
14174703,07/26/2013,22:39:00,Vandalism,Unknown/Not Available
14201624,09/09/2013,00:16:00,Disorderly Conduct,Unknown/Not Available
14124384,05/05/2013,06:30:00,Vandalism,Unknown/Not Available
14060170,01/10/2013,16:53:00,Disorderly Conduct,Unknown/Not Available
14144234,06/07/2013,22:56:00,Runaway,Unknown/Not Available
14132823,05/19/2013,20:00:00,Runaway,Unknown/Not Available
14227033,10/16/2013,16:51:00,"Assault, Simple",Unknown/Not Available
14089698,03/06/2013,22:18:00,Sex Offenses,Unknown/Not Available
14243902,06/17/2013,20:05:00,Arson,Unknown/Not Available
14242004,11/01/2013,12:30:00,"Assault, Simple",Unknown/Not Available
14225422,10/14/2013,14:07:00,Disorderly Conduct,Unknown/Not Available
14195171,08/27/2013,04:16:00,"Assault, Simple",Unknown/Not Available
14219337,10/05/2013,08:21:00,"Assault, Simple",Unknown/Not Available
14136796,05/25/2013,07:15:00,"Assault, Simple",Unknown/Not Available
14223054,10/11/2013,05:50:00,"Assault, Simple",Unknown/Not Available
14153563,06/22/2013,00:49:00,"Assault, Simple",Unknown/Not Available
14095197,03/15/2013,13:15:00,"Assault, Simple",Unknown/Not Available
14088108,03/04/2013,06:23:00,Disorderly Conduct,Unknown/Not Available
14203770,08/17/2013,11:00:00,Aggravated Assault,Unknown/Not Available
14223061,10/11/2013,08:49:00,"Assault, Simple",Unknown/Not Available
14254325,12/01/2013,01:12:00,Disorderly Conduct,Unknown/Not Available
14154600,06/24/2013,22:08:00,Aggravated Assault,Unknown/Not Available
14102945,03/30/2013,21:15:00,Aggravated Assault,Unknown/Not Available
14116326,04/21/2013,20:13:00,Runaway,Unknown/Not Available
14268572,12/25/2013,16:35:00,"Assault, Simple",Unknown/Not Available
14216483,09/30/2013,09:30:00,"Assault, Simple",Unknown/Not Available
14151808,06/20/2013,03:50:00,"Assault, Simple",Unknown/Not Available
14121188,04/28/2013,14:07:00,"Assault, Simple",Unknown/Not Available
14174500,07/26/2013,23:47:00,"Assault, Simple",Unknown/Not Available
14265787,12/20/2013,00:14:00,Disorderly Conduct,Unknown/Not Available
14229974,06/06/2013,21:57:00,Arson,Unknown/Not Available
14254604,11/24/2013,15:58:00,Sex Offenses,Unknown/Not Available
14189659,08/18/2013,17:01:00,Trespass,Unknown/Not Available
14073470,02/07/2013,00:11:00,Aggravated Assault,Unknown/Not Available
14259235,12/09/2013,15:37:00,Disorderly Conduct,Unknown/Not Available
14202339,08/23/2013,00:01:00,Disorderly Conduct,Unknown/Not Available
14129111,05/11/2013,18:58:00,"Assault, Simple",Unknown/Not Available
14258565,12/08/2013,20:07:00,Runaway,Unknown/Not Available
14194994,08/11/2013,23:29:00,Aggravated Assault,Unknown/Not Available
14206019,09/03/2013,20:38:00,Burglary,Unknown/Not Available
14236121,10/08/2013,12:00:00,Sex Offenses,Unknown/Not Available
14106267,04/05/2013,17:01:00,Runaway,Unknown/Not Available
14158065,06/30/2013,11:55:00,"Assault, Simple",Unknown/Not Available
14236817,11/01/2013,03:36:00,Runaway,Unknown/Not Available
14255793,12/03/2013,03:42:00,"Assault, Simple",Unknown/Not Available
14050385,01/01/2013,02:37:00,"Assault, Simple",Unknown/Not Available
14153547,06/15/2013,16:35:00,Vandalism,Unknown/Not Available
14232076,10/15/2013,22:00:00,Rape,Unknown/Not Available
14083369,02/23/2013,22:45:00,"Assault, Simple",Unknown/Not Available
14149149,06/15/2013,21:32:00,"Assault, Simple",Unknown/Not Available
14175622,07/20/2013,16:24:00,Trespass,Unknown/Not Available
14169811,07/13/2013,16:08:00,Burglary,Unknown/Not Available
14169847,07/18/2013,10:56:00,Drugs,Unknown/Not Available
14220469,09/25/2013,10:40:00,Rape,Unknown/Not Available
14115025,04/19/2013,12:49:00,Disorderly Conduct,Unknown/Not Available
14089098,03/05/2013,23:06:00,"Assault, Simple",Unknown/Not Available
14075448,02/08/2013,13:00:00,Runaway,Unknown/Not Available
14228397,10/18/2013,13:58:00,Disorderly Conduct,Unknown/Not Available
14119889,04/26/2013,22:00:00,"Assault, Simple",Unknown/Not Available
14212035,09/12/2013,16:08:00,Sex Offenses,Unknown/Not Available
14237795,11/03/2013,13:36:00,Runaway,Unknown/Not Available
14250369,11/23/2013,08:49:00,Runaway,Unknown/Not Available
14256711,12/04/2013,23:35:00,Disorderly Conduct,Unknown/Not Available
14136394,05/25/2013,16:13:00,Trespass,Unknown/Not Available
14218691,10/04/2013,16:57:00,Runaway,Unknown/Not Available
14157885,06/30/2013,03:32:00,Trespass,Unknown/Not Available
14253730,11/29/2013,21:10:00,Disorderly Conduct,Unknown/Not Available
14261919,12/13/2013,18:45:00,Runaway,Unknown/Not Available
14198067,09/02/2013,05:51:00,Runaway,Unknown/Not Available
14130157,05/14/2013,22:21:00,Runaway,Unknown/Not Available
14243011,11/11/2013,19:47:00,Runaway,Unknown/Not Available
14097620,03/21/2013,14:30:00,Runaway,Unknown/Not Available
14243821,11/12/2013,23:08:00,Runaway,Unknown/Not Available
14262397,12/14/2013,04:36:00,Runaway,Unknown/Not Available
14232821,10/25/2013,19:31:00,Runaway,Unknown/Not Available
14189736,08/19/2013,21:11:00,Runaway,Unknown/Not Available
14263853,12/17/2013,17:12:00,Runaway,Unknown/Not Available
14147752,06/13/2013,12:42:00,Runaway,Unknown/Not Available
14192945,08/24/2013,21:42:00,Runaway,Unknown/Not Available
14160424,07/03/2013,20:06:00,Runaway,Unknown/Not Available
14202675,09/05/2013,13:28:00,Runaway,Unknown/Not Available
14249668,11/21/2013,21:37:00,Runaway,Unknown/Not Available
14133710,05/20/2013,22:11:00,Runaway,Unknown/Not Available
14130151,05/14/2013,20:45:00,Runaway,Unknown/Not Available
14259488,12/10/2013,13:50:00,Runaway,Unknown/Not Available
14266717,12/22/2013,17:05:00,Runaway,Unknown/Not Available
14266711,12/22/2013,14:13:00,Runaway,Unknown/Not Available
14109815,04/10/2013,20:07:00,Runaway,Unknown/Not Available
14154389,06/24/2013,22:16:00,Runaway,Unknown/Not Available
14092332,03/11/2013,18:56:00,Runaway,Unknown/Not Available
14262738,12/15/2013,08:51:00,Runaway,Unknown/Not Available
14086092,02/28/2013,19:20:00,Runaway,Unknown/Not Available
14152152,06/20/2013,18:37:00,Runaway,Unknown/Not Available
14228663,10/19/2013,12:19:00,Runaway,Unknown/Not Available
14217511,10/02/2013,14:21:00,Runaway,Unknown/Not Available
14209042,09/19/2013,15:20:00,Runaway,Unknown/Not Available
14192972,08/25/2013,12:34:00,Runaway,Unknown/Not Available
14157476,06/29/2013,13:45:00,Runaway,Unknown/Not Available
14200141,09/06/2013,21:31:00,Runaway,Unknown/Not Available
14066261,01/26/2013,18:34:00,Runaway,Unknown/Not Available
14129468,04/28/2013,23:00:00,Runaway,Unknown/Not Available
14093305,03/13/2013,17:53:00,Runaway,Unknown/Not Available
14105377,04/04/2013,00:00:00,Runaway,Unknown/Not Available
14118523,04/25/2013,01:28:00,Runaway,Unknown/Not Available
14247609,11/18/2013,22:08:00,Runaway,Unknown/Not Available
14130152,05/14/2013,20:45:00,Runaway,Unknown/Not Available
14087562,03/03/2013,21:40:00,Runaway,Unknown/Not Available
14197885,09/01/2013,21:22:00,Runaway,Unknown/Not Available
14097448,03/12/2013,13:30:00,Sex Offenses,Unknown/Not Available
14205434,09/02/2013,14:45:00,Rape,Unknown/Not Available
14089037,02/27/2013,07:30:00,Vandalism,Unknown/Not Available
14237105,11/01/2013,05:16:00,Aggravated Assault,Unknown/Not Available
14106260,04/05/2013,01:39:00,Aggravated Assault,Unknown/Not Available
14258365,12/08/2013,15:06:00,Runaway,Unknown/Not Available
14241601,11/08/2013,17:01:00,Runaway,Unknown/Not Available
14144806,06/08/2013,23:54:00,"Assault, Simple",Unknown/Not Available
14187999,05/24/2013,20:45:00,Arson,Unknown/Not Available
14143873,06/06/2013,12:24:00,"Assault, Simple",Unknown/Not Available
14264995,12/18/2013,19:10:00,Disorderly Conduct,Unknown/Not Available
14108975,04/09/2013,19:17:00,Disorderly Conduct,Unknown/Not Available
14108235,04/08/2013,13:18:00,Trespass,Unknown/Not Available
14153485,06/14/2013,11:50:00,Rape,Unknown/Not Available
14055255,01/10/2013,14:20:00,Runaway,Unknown/Not Available
14182661,08/07/2013,19:07:00,Runaway,Unknown/Not Available
14170051,07/20/2013,19:48:00,Runaway,Unknown/Not Available
14178077,07/31/2013,21:15:00,"Assault, Simple",Unknown/Not Available
14159261,07/01/2013,23:59:00,Disorderly Conduct,Unknown/Not Available
14062272,01/19/2013,07:45:00,"Assault, Simple",Unknown/Not Available
14122817,05/01/2013,10:48:00,Aggravated Assault,Unknown/Not Available
14146017,06/11/2013,00:00:00,Aggravated Assault,Unknown/Not Available
14086340,02/28/2013,20:33:00,"Assault, Simple",Unknown/Not Available
14195947,08/28/2013,17:41:00,Disorderly Conduct,Unknown/Not Available
14122830,05/01/2013,19:40:00,Runaway,Unknown/Not Available
14115669,04/19/2013,17:49:00,Aggravated Assault,Unknown/Not Available
14050382,01/02/2013,21:19:00,Aggravated Assault,Unknown/Not Available
14099612,03/24/2013,16:22:00,Disorderly Conduct,Unknown/Not Available
14262389,12/13/2013,22:07:00,"Assault, Simple",Unknown/Not Available
14079068,02/15/2013,11:10:00,Disorderly Conduct,Unknown/Not Available
14080899,02/20/2013,01:47:00,"Assault, Simple",Unknown/Not Available
14185439,08/09/2013,10:40:00,Trespass,Unknown/Not Available
14166763,07/14/2013,22:12:00,Larceny,Unknown/Not Available
14214669,09/28/2013,01:16:00,Runaway,Unknown/Not Available
14078990,02/15/2013,22:48:00,Runaway,Unknown/Not Available
14201631,09/09/2013,11:15:00,Runaway,Unknown/Not Available
14109328,04/10/2013,03:38:00,Vandalism,Unknown/Not Available
14246835,11/17/2013,04:35:00,"Assault, Simple",Unknown/Not Available
14100915,03/27/2013,10:41:00,Aggravated Assault,Unknown/Not Available
14174939,07/27/2013,21:38:00,Disorderly Conduct,Unknown/Not Available
14069822,01/31/2013,18:54:00,Disorderly Conduct,Unknown/Not Available
14084281,02/17/2013,08:41:00,Arson,Unknown/Not Available
14086345,02/28/2013,18:40:00,Aggravated Assault,Unknown/Not Available
14192501,08/17/2013,23:04:00,Sex Offenses,Unknown/Not Available
14069214,01/30/2013,16:50:00,Runaway,Unknown/Not Available
14117422,04/23/2013,08:41:00,Motor Vehicle Theft,Unknown/Not Available
14099628,03/25/2013,00:27:00,Aggravated Assault,Unknown/Not Available
14082630,02/22/2013,17:52:00,Runaway,Unknown/Not Available
14236065,10/30/2013,21:26:00,Runaway,Unknown/Not Available
14082621,02/22/2013,17:52:00,Runaway,Unknown/Not Available
14242560,11/05/2013,12:40:00,Burglary,Unknown/Not Available
14061198,01/09/2013,21:05:00,Sex Offenses,Unknown/Not Available
14095307,02/21/2013,20:24:00,Runaway,Unknown/Not Available
14139454,05/31/2013,19:03:00,Runaway,Unknown/Not Available
14128564,05/11/2013,17:28:00,Runaway,Unknown/Not Available
14074591,02/09/2013,00:18:00,Runaway,Unknown/Not Available
14122328,05/01/2013,19:01:00,Runaway,Unknown/Not Available
14134207,05/21/2013,20:32:00,Runaway,Unknown/Not Available
14083393,02/24/2013,17:39:00,Runaway,Unknown/Not Available
14210602,09/21/2013,21:46:00,Runaway,Unknown/Not Available
14125273,05/06/2013,10:05:00,Trespass,Unknown/Not Available
14201642,09/09/2013,18:30:00,Runaway,Unknown/Not Available
14141394,06/03/2013,23:29:00,Runaway,Unknown/Not Available
14097025,03/19/2013,21:01:00,"Assault, Simple",Unknown/Not Available
14206778,09/15/2013,21:07:00,"Assault, Simple",Unknown/Not Available
14116659,04/21/2013,23:34:00,Disorderly Conduct,Unknown/Not Available
14099596,03/14/2013,10:01:00,Sex Offenses,Unknown/Not Available
14183956,07/10/2013,12:00:00,Aggravated Assault,Unknown/Not Available
14233492,10/18/2013,05:06:00,Arson,Unknown/Not Available
14192857,08/23/2013,07:55:00,Trespass,Unknown/Not Available
14246367,11/08/2013,15:06:00,"Assault, Simple",Unknown/Not Available
14247043,11/18/2013,09:45:00,Runaway,Unknown/Not Available
14198059,09/01/2013,22:49:00,"Assault, Simple",Unknown/Not Available
14128578,05/12/2013,02:44:00,Aggravated Assault,Unknown/Not Available
14191168,08/22/2013,00:25:00,Runaway,Unknown/Not Available
14132497,05/19/2013,01:28:00,Runaway,Unknown/Not Available
14191167,08/22/2013,00:25:00,Runaway,Unknown/Not Available
14130161,05/15/2013,03:09:00,Runaway,Unknown/Not Available
14220534,10/08/2013,00:33:00,Runaway,Unknown/Not Available
14200201,09/08/2013,02:47:00,Runaway,Unknown/Not Available
14223534,10/12/2013,00:44:00,Runaway,Unknown/Not Available
14242570,11/09/2013,21:18:00,"Assault, Simple",Unknown/Not Available
14171231,07/21/2013,22:00:00,Aggravated Assault,Unknown/Not Available
14149134,06/15/2013,11:41:00,Disorderly Conduct,Unknown/Not Available
14129523,05/12/2013,11:18:00,Aggravated Assault,Unknown/Not Available
14258715,12/08/2013,17:51:00,Aggravated Assault,Unknown/Not Available
14134178,05/16/2013,17:00:00,Larceny,Unknown/Not Available
14110758,04/11/2013,22:33:00,Disorderly Conduct,Unknown/Not Available
14111313,04/12/2013,15:16:00,Disorderly Conduct,Unknown/Not Available
14075994,02/10/2013,23:07:00,Aggravated Assault,Unknown/Not Available
14051738,01/01/2013,02:15:00,Disorderly Conduct,Unknown/Not Available
14152170,06/20/2013,23:09:00,Runaway,Unknown/Not Available
14184665,08/11/2013,17:15:00,Runaway,Unknown/Not Available
14068281,01/23/2013,02:33:00,Larceny,Unknown/Not Available
14171571,07/22/2013,22:15:00,Disorderly Conduct,Unknown/Not Available
14104461,04/02/2013,17:45:00,Runaway,Unknown/Not Available
14085065,02/27/2013,11:40:00,Runaway,Unknown/Not Available
14278253,12/26/2013,13:25:00,Arson,Unknown/Not Available
14085684,02/27/2013,18:45:00,"Assault, Simple",Unknown/Not Available
14152931,06/21/2013,22:59:00,Aggravated Assault,Unknown/Not Available
14174692,07/25/2013,22:30:00,"Assault, Simple",Unknown/Not Available
14070758,02/01/2013,23:04:00,Trespass,Unknown/Not Available
14093053,03/12/2013,21:41:00,Runaway,Unknown/Not Available
14219332,10/05/2013,00:25:00,Disorderly Conduct,Unknown/Not Available
14197070,08/29/2013,14:00:00,Disorderly Conduct,Unknown/Not Available
14144758,06/03/2013,11:17:00,Larceny,Unknown/Not Available
14072736,01/31/2013,09:35:00,Sex Offenses,Unknown/Not Available
14140155,05/25/2013,16:27:00,Sex Offenses,Unknown/Not Available
14173777,07/26/2013,09:57:00,Disorderly Conduct,Unknown/Not Available
14153724,06/23/2013,11:18:00,"Assault, Simple",Unknown/Not Available
14241192,11/07/2013,22:06:00,"Assault, Simple",Unknown/Not Available
14138200,05/28/2013,18:49:00,"Assault, Simple",Unknown/Not Available
14164557,06/22/2013,05:16:00,Arson,Unknown/Not Available
14059234,01/15/2013,22:58:00,Runaway,Unknown/Not Available
14201102,09/06/2013,22:30:00,"Assault, Simple",Unknown/Not Available
14184862,08/06/2013,17:16:00,Aggravated Assault,Unknown/Not Available
14181060,07/26/2013,23:39:00,Sex Offenses,Unknown/Not Available
14138829,05/29/2013,23:15:00,Trespass,Unknown/Not Available
14159793,06/14/2013,10:40:00,Arson,Unknown/Not Available
14186605,08/13/2013,16:30:00,"Assault, Simple",Unknown/Not Available
14115862,04/18/2013,14:21:00,Disorderly Conduct,Unknown/Not Available
14189375,08/12/2013,09:12:00,Rape,Unknown/Not Available
14059682,01/15/2013,18:40:00,Aggravated Assault,Unknown/Not Available
14170050,07/20/2013,19:58:00,Runaway,Unknown/Not Available
14089708,03/07/2013,11:45:00,Runaway,Unknown/Not Available
14249283,11/21/2013,13:09:00,Runaway,Unknown/Not Available
14120490,04/28/2013,12:43:00,Runaway,Unknown/Not Available
14172081,07/23/2013,23:11:00,Runaway,Unknown/Not Available
14095478,03/16/2013,15:27:00,Aggravated Assault,Unknown/Not Available
14058340,01/14/2013,18:53:00,Runaway,Unknown/Not Available
14088122,03/04/2013,20:35:00,Runaway,Unknown/Not Available
14138235,05/29/2013,11:35:00,Runaway,Unknown/Not Available
14181765,08/06/2013,16:15:00,Runaway,Unknown/Not Available
14229833,10/21/2013,18:46:00,Runaway,Unknown/Not Available
14140672,06/01/2013,18:53:00,Disorderly Conduct,Unknown/Not Available
14233087,10/25/2013,19:32:00,Trespass,Unknown/Not Available
14228543,10/10/2013,11:20:00,Offenses Against Family,Unknown/Not Available
14097026,03/19/2013,21:58:00,"Assault, Simple",Unknown/Not Available
14259232,12/09/2013,12:10:00,Disorderly Conduct,Unknown/Not Available
14061441,01/18/2013,17:39:00,Runaway,Unknown/Not Available
14145279,06/10/2013,14:07:00,Runaway,Unknown/Not Available
14168521,07/07/2013,02:42:00,Sex Offenses,Unknown/Not Available
14193532,08/25/2013,23:03:00,Disorderly Conduct,Unknown/Not Available
14226206,10/15/2013,20:37:00,Runaway,Unknown/Not Available
14162108,07/05/2013,23:40:00,Disorderly Conduct,Unknown/Not Available
14069835,02/01/2013,08:20:00,Runaway,Unknown/Not Available
14159280,07/02/2013,12:27:00,Runaway,Unknown/Not Available
14182664,08/07/2013,21:08:00,Trespass,Unknown/Not Available
14095360,03/08/2013,20:03:00,Sex Offenses,Unknown/Not Available
14118097,04/24/2013,09:15:00,Runaway,Unknown/Not Available
14050710,01/03/2013,20:37:00,Runaway,Unknown/Not Available
14165460,07/12/2013,07:48:00,Runaway,Unknown/Not Available
14202326,08/22/2013,12:40:00,"Assault, Simple",Unknown/Not Available
14222057,10/09/2013,10:30:00,Disorderly Conduct,Unknown/Not Available
14067714,01/28/2013,21:20:00,Trespass,Unknown/Not Available
14155323,06/26/2013,13:50:00,Disorderly Conduct,Unknown/Not Available
14106045,03/28/2013,23:20:00,Rape,Unknown/Not Available
14106211,03/28/2013,23:20:00,Rape,Unknown/Not Available
14153744,06/23/2013,13:55:00,Prostitution,Unknown/Not Available
14131071,05/16/2013,17:26:00,Runaway,Unknown/Not Available
14151810,06/20/2013,06:12:00,Runaway,Unknown/Not Available
14209036,09/19/2013,11:35:00,Trespass,Unknown/Not Available
14159245,06/30/2013,21:07:00,Aggravated Assault,Unknown/Not Available
14170770,07/10/2013,18:57:00,Vandalism,Unknown/Not Available
14222766,10/09/2013,15:43:00,Trespass,Unknown/Not Available
14091524,03/09/2013,23:18:00,Aggravated Assault,Unknown/Not Available
14222076,10/09/2013,18:45:00,Disorderly Conduct,Unknown/Not Available
14189826,08/20/2013,13:48:00,"Assault, Simple",Unknown/Not Available
14115846,04/02/2013,17:34:00,Arson,Unknown/Not Available
14144351,06/02/2013,18:48:00,Burglary,Unknown/Not Available
14065160,01/23/2013,14:32:00,"Assault, Simple",Unknown/Not Available
14181817,08/06/2013,21:59:00,"Assault, Simple",Unknown/Not Available
14249666,11/21/2013,21:26:00,Runaway,Unknown/Not Available
14258476,12/01/2013,08:54:00,"Assault, Simple",Unknown/Not Available
14180126,07/31/2013,07:14:00,Larceny,Unknown/Not Available
14074237,02/08/2013,01:30:00,Robbery,Unknown/Not Available
14052097,01/05/2013,22:30:00,"Assault, Simple",Unknown/Not Available
14099340,03/17/2013,18:18:00,Sex Offenses,Unknown/Not Available
14061003,01/16/2013,21:23:00,Aggravated Assault,Unknown/Not Available
14153935,06/22/2013,04:10:00,"Assault, Simple",Unknown/Not Available
14214724,09/25/2013,22:36:00,"Assault, Simple",Unknown/Not Available
14173765,07/25/2013,23:34:00,Disorderly Conduct,Unknown/Not Available
14265639,12/18/2013,14:45:00,Fraud,Unknown/Not Available
14216796,10/01/2013,15:29:00,Runaway,Unknown/Not Available
14084974,02/19/2013,08:30:00,Aggravated Assault,Unknown/Not Available
14235583,10/29/2013,20:57:00,"Assault, Simple",Unknown/Not Available
14253866,11/22/2013,12:04:00,Disorderly Conduct,Unknown/Not Available
14250769,11/23/2013,22:37:00,Disorderly Conduct,Unknown/Not Available
14109322,04/10/2013,00:22:00,Runaway,Unknown/Not Available
14109323,04/10/2013,00:22:00,Runaway,Unknown/Not Available
14168117,07/16/2013,22:12:00,Burglary,Unknown/Not Available
14114853,04/18/2013,20:40:00,Runaway,Unknown/Not Available
14144374,06/08/2013,03:40:00,"Assault, Simple",Unknown/Not Available
14099170,03/23/2013,02:19:00,Disorderly Conduct,Unknown/Not Available
14112871,03/26/2013,12:00:00,"Assault, Simple",Unknown/Not Available
14198612,09/02/2013,00:33:00,Aggravated Assault,Unknown/Not Available
14160412,07/03/2013,13:11:00,"Assault, Simple",Unknown/Not Available
14115867,04/19/2013,18:03:00,"Assault, Simple",Unknown/Not Available
14193888,08/20/2013,08:56:00,Rape,Unknown/Not Available
14103791,04/01/2013,23:00:00,Runaway,Unknown/Not Available
14096806,03/19/2013,11:17:00,"Assault, Simple",Unknown/Not Available
14058775,01/15/2013,15:15:00,Runaway,Unknown/Not Available
14211711,09/22/2013,21:11:00,"Assault, Simple",Unknown/Not Available
14155252,06/19/2013,10:30:00,Disorderly Conduct,Unknown/Not Available
14216006,09/26/2013,12:38:00,Disorderly Conduct,Unknown/Not Available
14148089,06/13/2013,21:00:00,Disorderly Conduct,Unknown/Not Available
14194799,08/27/2013,22:54:00,Runaway,Unknown/Not Available
14166243,07/13/2013,23:42:00,Runaway,Unknown/Not Available
14257413,12/06/2013,15:50:00,Runaway,Unknown/Not Available
14214780,09/28/2013,10:42:00,Runaway,Unknown/Not Available
14138037,05/28/2013,22:50:00,Runaway,Unknown/Not Available
14267654,12/23/2013,23:31:00,Burglary,Unknown/Not Available
14266385,12/20/2013,23:40:00,"Assault, Simple",Unknown/Not Available
14228668,10/19/2013,15:35:00,Runaway,Unknown/Not Available
14140032,05/31/2013,21:22:00,Disorderly Conduct,Unknown/Not Available
14189896,08/21/2013,15:45:00,Runaway,Unknown/Not Available
14148834,06/15/2013,02:56:00,Trespass,Unknown/Not Available
14078583,02/14/2013,18:03:00,Runaway,Unknown/Not Available
14109804,04/10/2013,16:15:00,Runaway,Unknown/Not Available
14069848,02/01/2013,18:28:00,Runaway,Unknown/Not Available
14252747,11/07/2013,12:07:00,Arson,Unknown/Not Available
14188212,08/16/2013,12:45:00,Trespass,Unknown/Not Available
14158905,07/01/2013,22:30:00,Runaway,Unknown/Not Available
14203817,09/10/2013,18:23:00,Larceny,Unknown/Not Available
14210079,09/19/2013,14:26:00,Disorderly Conduct,Unknown/Not Available
14173781,07/26/2013,12:34:00,"Assault, Simple",Unknown/Not Available
14234520,10/23/2013,19:34:00,Vandalism,Unknown/Not Available
14231494,10/23/2013,17:59:00,Burglary,Unknown/Not Available
14140165,05/04/2013,21:09:00,Arson,Unknown/Not Available
14154016,06/24/2013,17:26:00,Runaway,Unknown/Not Available
14186609,08/13/2013,23:41:00,"Assault, Simple",Unknown/Not Available
14249860,11/21/2013,19:13:00,"Assault, Simple",Unknown/Not Available
14170827,07/13/2013,03:27:00,Disorderly Conduct,Unknown/Not Available
14276038,10/30/2013,06:30:00,Aggravated Assault,Unknown/Not Available
14063938,01/22/2013,12:08:00,"Assault, Simple",Unknown/Not Available
14160581,07/04/2013,08:30:00,Runaway,Unknown/Not Available
14090165,01/28/2013,12:00:00,Sex Offenses,Unknown/Not Available
14260054,12/10/2013,21:19:00,Runaway,Unknown/Not Available
14193945,08/26/2013,13:46:00,"Assault, Simple",Unknown/Not Available
14084430,02/26/2013,11:45:00,Disorderly Conduct,Unknown/Not Available
14057850,01/07/2013,23:00:00,"Assault, Simple",Unknown/Not Available
14207797,09/17/2013,10:28:00,Disorderly Conduct,Unknown/Not Available
14187962,08/15/2013,19:02:00,Disorderly Conduct,Unknown/Not Available
14221261,10/08/2013,17:53:00,Trespass,Unknown/Not Available
14276077,12/20/2013,12:53:00,Vandalism,Unknown/Not Available
14258345,12/07/2013,23:59:00,"Assault, Simple",Unknown/Not Available
14265048,12/05/2013,13:30:00,Fraud,Unknown/Not Available
14271498,12/16/2013,11:53:00,Disorderly Conduct,Unknown/Not Available
14075119,02/09/2013,16:57:00,Larceny,Unknown/Not Available
14144790,06/08/2013,10:38:00,Trespass,Unknown/Not Available
14143897,06/07/2013,06:11:00,Trespass,Unknown/Not Available
14134205,05/21/2013,19:03:00,Runaway,Unknown/Not Available
14105244,04/03/2013,19:35:00,Runaway,Unknown/Not Available
14224100,10/12/2013,19:29:00,Runaway,Unknown/Not Available
14078555,02/13/2013,09:00:00,Sex Offenses,Unknown/Not Available
14263254,12/15/2013,18:50:00,"Assault, Simple",Unknown/Not Available
14157891,06/30/2013,10:00:00,Disorderly Conduct,Unknown/Not Available
14209656,09/19/2013,22:32:00,Disorderly Conduct,Unknown/Not Available
14254886,12/01/2013,15:30:00,Disorderly Conduct,Unknown/Not Available
14115848,04/14/2013,03:33:00,"Assault, Simple",Unknown/Not Available
14078208,02/14/2013,06:21:00,Disorderly Conduct,Unknown/Not Available
14162626,07/08/2013,02:54:00,Trespass,Unknown/Not Available
14250762,11/23/2013,17:36:00,Disorderly Conduct,Unknown/Not Available
14138003,05/27/2013,15:03:00,"Assault, Simple",Unknown/Not Available
14156713,06/27/2013,22:40:00,Runaway,Unknown/Not Available
14201339,09/08/2013,12:29:00,"Assault, Simple",Unknown/Not Available
14064025,01/23/2013,23:04:00,Runaway,Unknown/Not Available
14213461,09/25/2013,19:26:00,"Assault, Simple",Unknown/Not Available
14188811,08/17/2013,11:04:00,Runaway,Unknown/Not Available
14082968,02/23/2013,14:00:00,Runaway,Unknown/Not Available
14176335,07/22/2013,15:50:00,Trespass,Unknown/Not Available
14116097,04/20/2013,16:51:00,Disorderly Conduct,Unknown/Not Available
14083286,01/26/2013,14:56:00,Aggravated Assault,Unknown/Not Available
14162559,06/29/2013,19:38:00,Larceny,Unknown/Not Available
14139437,05/31/2013,08:26:00,Runaway,Unknown/Not Available
14236299,10/17/2013,11:00:00,Sex Offenses,Unknown/Not Available
14157785,06/20/2013,17:18:00,Offenses Against Family,Unknown/Not Available
14157771,06/20/2013,17:17:00,Offenses Against Family,Unknown/Not Available
14243351,11/04/2013,17:50:00,Sex Offenses,Unknown/Not Available
14261844,11/04/2013,17:50:00,Sex Offenses,Unknown/Not Available
14223053,10/11/2013,01:14:00,"Assault, Simple",Unknown/Not Available
14223056,10/11/2013,02:00:00,"Assault, Simple",Unknown/Not Available
14220528,10/07/2013,20:12:00,Runaway,Unknown/Not Available
14149175,06/16/2013,20:14:00,Runaway,Unknown/Not Available
14078701,02/14/2013,12:46:00,"Assault, Simple",Unknown/Not Available
14099168,03/22/2013,11:50:00,Trespass,Unknown/Not Available
14121431,04/28/2013,01:01:00,Curfew,Unknown/Not Available
14121433,04/28/2013,01:01:00,Curfew,Unknown/Not Available
14176948,07/30/2013,16:03:00,Runaway,Unknown/Not Available
14120493,04/28/2013,15:20:00,Disorderly Conduct,Unknown/Not Available
14155839,06/26/2013,17:02:00,Runaway,Unknown/Not Available
14062661,01/20/2013,08:09:00,Runaway,Unknown/Not Available
14062660,01/20/2013,08:09:00,Runaway,Unknown/Not Available
14084420,02/25/2013,23:05:00,"Assault, Simple",Unknown/Not Available
14265772,12/18/2013,21:56:00,Aggravated Assault,Unknown/Not Available
14202336,08/22/2013,22:24:00,"Assault, Simple",Unknown/Not Available
14100917,03/27/2013,11:30:00,Trespass,Unknown/Not Available
14267439,12/23/2013,14:25:00,"Assault, Simple",Unknown/Not Available
14084407,02/25/2013,11:19:00,Aggravated Assault,Unknown/Not Available
14087765,02/12/2013,12:00:00,Aggravated Assault,Unknown/Not Available
14247962,11/12/2013,14:02:00,Forgery,Unknown/Not Available
14265249,12/18/2013,14:21:00,"Assault, Simple",Unknown/Not Available
14075440,02/10/2013,08:57:00,Runaway,Unknown/Not Available
14156106,06/26/2013,18:19:00,"Assault, Simple",Unknown/Not Available
14133498,05/20/2013,00:24:00,Disorderly Conduct,Unknown/Not Available
14074252,02/08/2013,11:36:00,Runaway,Unknown/Not Available
14237128,11/01/2013,19:56:00,Disorderly Conduct,Unknown/Not Available
14088802,03/05/2013,14:00:00,Disorderly Conduct,Unknown/Not Available
14099362,03/24/2013,01:49:00,"Assault, Simple",Unknown/Not Available
14257391,12/05/2013,20:38:00,"Assault, Simple",Unknown/Not Available
14162149,07/07/2013,18:18:00,Runaway,Unknown/Not Available
14254165,11/30/2013,11:20:00,Disorderly Conduct,Unknown/Not Available
14207807,09/17/2013,13:45:00,Runaway,Unknown/Not Available
14204606,09/12/2013,01:06:00,Runaway,Unknown/Not Available
14229428,10/21/2013,15:49:00,Runaway,Unknown/Not Available
14069235,01/30/2013,21:33:00,"Assault, Simple",Unknown/Not Available
14074947,02/09/2013,13:57:00,Vandalism,Unknown/Not Available
14243729,11/05/2013,08:50:00,Arson,Unknown/Not Available
14161486,07/06/2013,04:14:00,"Assault, Simple",Unknown/Not Available
14118517,04/24/2013,21:32:00,Runaway,Unknown/Not Available
14245327,11/14/2013,10:15:00,"Assault, Simple",Unknown/Not Available
14086341,02/28/2013,20:13:00,Trespass,Unknown/Not Available
14157893,06/30/2013,13:00:00,Runaway,Unknown/Not Available
14124247,05/04/2013,22:00:00,Offenses Against Family,Unknown/Not Available
14159259,07/01/2013,23:30:00,"Assault, Simple",Unknown/Not Available
14271690,12/31/2013,20:49:00,Disorderly Conduct,Unknown/Not Available
14170552,07/21/2013,18:36:00,Runaway,Unknown/Not Available
14130389,05/15/2013,18:30:00,Runaway,Unknown/Not Available
14103987,03/27/2013,15:30:00,Aggravated Assault,Unknown/Not Available
14060204,01/16/2013,21:24:00,Runaway,Unknown/Not Available
14159947,07/03/2013,11:27:00,Runaway,Unknown/Not Available
14249873,11/22/2013,00:04:00,"Assault, Simple",Unknown/Not Available
14160858,07/04/2013,18:30:00,"Assault, Simple",Unknown/Not Available
14136089,05/19/2013,12:00:00,Sex Offenses,Unknown/Not Available
14070984,02/03/2013,05:25:00,Aggravated Assault,Unknown/Not Available
14152926,06/21/2013,20:07:00,"Assault, Simple",Unknown/Not Available
14249870,11/21/2013,22:10:00,Aggravated Assault,Unknown/Not Available
14192535,08/18/2013,00:59:00,Sex Offenses,Unknown/Not Available
14136819,05/26/2013,23:19:00,Runaway,Unknown/Not Available
14278266,12/29/2013,03:52:00,Arson,Unknown/Not Available
14070249,01/03/2013,09:19:00,Arson,Unknown/Not Available
14059208,01/14/2013,20:11:00,"Assault, Simple",Unknown/Not Available
14138211,05/29/2013,00:07:00,Aggravated Assault,Unknown/Not Available
14171544,07/21/2013,19:31:00,"Assault, Simple",Unknown/Not Available
14095067,03/16/2013,09:05:00,Disorderly Conduct,Unknown/Not Available
14111312,04/06/2013,08:00:00,Disorderly Conduct,Unknown/Not Available
14206556,09/14/2013,23:40:00,Disorderly Conduct,Unknown/Not Available
14118730,04/23/2013,13:45:00,Larceny,Unknown/Not Available
14131484,05/16/2013,19:32:00,Runaway,Unknown/Not Available
14098235,03/22/2013,15:43:00,Runaway,Unknown/Not Available
14097252,03/20/2013,19:45:00,Runaway,Unknown/Not Available
14105396,04/04/2013,08:36:00,Runaway,Unknown/Not Available
14133675,05/16/2013,01:42:00,Aggravated Assault,Unknown/Not Available
14153575,06/22/2013,19:21:00,Aggravated Assault,Unknown/Not Available
14069818,01/31/2013,15:38:00,"Assault, Simple",Unknown/Not Available
14088227,02/23/2013,08:38:00,Sex Offenses,Unknown/Not Available
14211222,09/10/2013,13:37:00,Sex Offenses,Unknown/Not Available
14249876,11/22/2013,01:45:00,Aggravated Assault,Unknown/Not Available
14066806,01/26/2013,19:36:00,Aggravated Assault,Unknown/Not Available
14119874,04/26/2013,02:03:00,"Assault, Simple",Unknown/Not Available
14209035,09/19/2013,11:30:00,Runaway,Unknown/Not Available
14157196,06/28/2013,21:20:00,"Assault, Simple",Unknown/Not Available
14176392,07/30/2013,05:14:00,Disorderly Conduct,Unknown/Not Available
14131055,05/15/2013,22:51:00,Trespass,Unknown/Not Available
14165825,07/13/2013,00:10:00,Runaway,Unknown/Not Available
14218528,10/03/2013,17:25:00,Curfew,Unknown/Not Available
14248030,11/16/2013,20:25:00,"Assault, Simple",Unknown/Not Available
14152925,06/21/2013,18:12:00,Runaway,Unknown/Not Available
14086330,02/27/2013,18:10:00,"Assault, Simple",Unknown/Not Available
14126165,05/07/2013,04:25:00,"Assault, Simple",Unknown/Not Available
14077572,02/12/2013,21:30:00,"Assault, Simple",Unknown/Not Available
14207781,09/16/2013,22:41:00,"Assault, Simple",Unknown/Not Available
14088733,02/23/2013,13:33:00,Rape,Unknown/Not Available
14130149,05/14/2013,19:21:00,Runaway,Unknown/Not Available
14112370,04/14/2013,17:52:00,Runaway,Unknown/Not Available
14081564,02/21/2013,14:20:00,Runaway,Unknown/Not Available
14252392,11/26/2013,21:06:00,Aggravated Assault,Unknown/Not Available
14252221,11/26/2013,13:10:00,Offenses Against Family,Unknown/Not Available
14252216,11/26/2013,13:15:00,"Assault, Simple",Unknown/Not Available
14261207,12/11/2013,19:19:00,Trespass,Unknown/Not Available
14209310,08/18/2013,03:16:00,Arson,Unknown/Not Available
14113433,04/16/2013,17:45:00,Disorderly Conduct,Unknown/Not Available
14178083,08/01/2013,00:38:00,Disorderly Conduct,Unknown/Not Available
14164553,06/10/2013,15:58:00,Offenses Against Family,Unknown/Not Available
14226609,10/15/2013,19:38:00,Vandalism,Unknown/Not Available
14224084,10/12/2013,06:02:00,"Assault, Simple",Unknown/Not Available
14099629,03/25/2013,01:58:00,"Assault, Simple",Unknown/Not Available
14161472,05/22/2013,11:43:00,Sex Offenses,Unknown/Not Available
14053348,01/07/2013,20:14:00,"Assault, Simple",Unknown/Not Available
14126179,05/07/2013,18:07:00,"Assault, Simple",Unknown/Not Available
14214664,09/27/2013,21:59:00,Runaway,Unknown/Not Available
14176958,07/30/2013,17:37:00,Vandalism,Unknown/Not Available
14206227,09/13/2013,17:36:00,Disorderly Conduct,Unknown/Not Available
14210360,09/21/2013,14:04:00,"Assault, Simple",Unknown/Not Available
14184418,08/10/2013,20:19:00,Runaway,Unknown/Not Available
14260052,12/10/2013,18:58:00,Runaway,Unknown/Not Available
14232329,10/25/2013,17:35:00,Runaway,Unknown/Not Available
14110052,04/10/2013,19:32:00,Disorderly Conduct,Unknown/Not Available
14220826,10/07/2013,16:37:00,Aggravated Assault,Unknown/Not Available
14098780,03/22/2013,16:42:00,Disorderly Conduct,Unknown/Not Available
14121911,04/30/2013,15:51:00,Vandalism,Unknown/Not Available
14157463,06/29/2013,01:37:00,"Assault, Simple",Unknown/Not Available
14245333,11/14/2013,11:53:00,Aggravated Assault,Unknown/Not Available
14111303,04/01/2013,10:30:00,"Assault, Simple",Unknown/Not Available
14119183,04/23/2013,16:37:00,Sex Offenses,Unknown/Not Available
14184156,07/30/2013,20:07:00,Sex Offenses,Unknown/Not Available
14261085,11/20/2013,12:00:00,Trespass,Unknown/Not Available
14167195,07/07/2013,08:00:00,Vandalism,Unknown/Not Available
14156118,06/27/2013,00:11:00,"Assault, Simple",Unknown/Not Available
14267437,12/23/2013,13:40:00,Disorderly Conduct,Unknown/Not Available
14266893,12/22/2013,09:15:00,Disorderly Conduct,Unknown/Not Available
14254113,12/14/2013,23:38:00,Aggravated Assault,Unknown/Not Available
14104472,04/02/2013,20:42:00,Runaway,Unknown/Not Available
14149356,06/16/2013,22:53:00,Runaway,Unknown/Not Available
14091542,03/10/2013,19:16:00,Runaway,Unknown/Not Available
14122820,05/01/2013,15:07:00,Disorderly Conduct,Unknown/Not Available
14063097,01/21/2013,10:50:00,Disorderly Conduct,Unknown/Not Available
14124203,05/03/2013,03:42:00,Larceny,Unknown/Not Available
14057712,01/03/2013,14:00:00,Larceny,Unknown/Not Available
14151780,06/18/2013,12:44:00,"Assault, Simple",Unknown/Not Available
14098224,03/22/2013,05:03:00,Disorderly Conduct,Unknown/Not Available
14087781,03/03/2013,21:30:00,Aggravated Assault,Unknown/Not Available
14184644,08/10/2013,17:17:00,Disorderly Conduct,Unknown/Not Available
14085709,02/28/2013,15:12:00,Runaway,Unknown/Not Available
14138685,05/29/2013,21:13:00,Runaway,Unknown/Not Available
14209646,09/19/2013,19:18:00,Rape,Unknown/Not Available
14230316,10/15/2013,22:13:00,Vandalism,Unknown/Not Available
14241208,11/08/2013,04:54:00,Runaway,Unknown/Not Available
14236620,10/31/2013,22:02:00,Runaway,Unknown/Not Available
14189654,08/18/2013,15:22:00,Runaway,Unknown/Not Available
14166545,07/14/2013,23:39:00,Runaway,Unknown/Not Available
14162619,07/07/2013,20:26:00,Runaway,Unknown/Not Available
14208440,08/18/2013,13:06:00,Runaway,Unknown/Not Available
14123232,05/02/2013,22:50:00,Runaway,Unknown/Not Available
14077957,02/13/2013,22:36:00,Runaway,Unknown/Not Available
14258566,12/08/2013,21:05:00,Runaway,Unknown/Not Available
14157197,06/28/2013,23:12:00,Runaway,Unknown/Not Available
14066817,01/27/2013,03:00:00,Runaway,Unknown/Not Available
14086684,03/02/2013,00:54:00,Runaway,Unknown/Not Available
14115895,04/20/2013,23:30:00,Runaway,Unknown/Not Available
14066809,01/27/2013,00:06:00,Runaway,Unknown/Not Available
14193957,08/26/2013,22:02:00,Runaway,Unknown/Not Available
14132688,05/19/2013,12:19:00,Runaway,Unknown/Not Available
14055681,01/11/2013,00:01:00,Runaway,Unknown/Not Available
14108584,04/09/2013,11:38:00,Runaway,Unknown/Not Available
14149647,06/17/2013,13:07:00,Runaway,Unknown/Not Available
14112721,04/16/2013,01:43:00,Runaway,Unknown/Not Available
14163338,07/09/2013,11:50:00,Runaway,Unknown/Not Available
14255814,12/03/2013,22:07:00,Runaway,Unknown/Not Available
14232138,10/24/2013,20:31:00,Runaway,Unknown/Not Available
14077958,02/14/2013,00:07:00,Runaway,Unknown/Not Available
14091528,03/10/2013,00:12:00,Runaway,Unknown/Not Available
14083240,02/24/2013,00:15:00,Runaway,Unknown/Not Available
14150032,06/18/2013,00:00:00,Runaway,Unknown/Not Available
14268878,12/23/2013,21:31:00,Runaway,Unknown/Not Available
14068384,01/29/2013,23:55:00,Runaway,Unknown/Not Available
14101771,03/28/2013,22:04:00,Runaway,Unknown/Not Available
14158906,07/01/2013,22:51:00,Runaway,Unknown/Not Available
14192985,08/25/2013,22:48:00,Runaway,Unknown/Not Available
14167221,07/15/2013,19:23:00,Runaway,Unknown/Not Available
14110454,04/11/2013,21:40:00,Runaway,Unknown/Not Available
14124415,05/06/2013,03:05:00,Runaway,Unknown/Not Available
14189744,08/19/2013,20:36:00,Runaway,Unknown/Not Available
14070564,02/02/2013,20:07:00,Runaway,Unknown/Not Available
14146967,06/12/2013,16:21:00,Runaway,Unknown/Not Available
14264254,12/17/2013,22:23:00,Runaway,Unknown/Not Available
14075133,02/10/2013,00:06:00,Runaway,Unknown/Not Available
14132684,05/19/2013,10:28:00,Runaway,Unknown/Not Available
14192984,08/25/2013,22:48:00,Runaway,Unknown/Not Available
14075636,02/11/2013,00:02:00,Runaway,Unknown/Not Available
14234913,10/28/2013,18:09:00,"Assault, Simple",Unknown/Not Available
14147460,06/12/2013,16:06:00,Runaway,Unknown/Not Available
14244951,11/14/2013,08:30:00,Runaway,Unknown/Not Available
14240548,11/07/2013,12:34:00,Runaway,Unknown/Not Available
14072466,02/05/2013,20:35:00,Runaway,Unknown/Not Available
14104670,03/27/2013,20:46:00,Trespass,Unknown/Not Available
14206557,09/14/2013,23:50:00,"Assault, Simple",Unknown/Not Available
14116660,04/21/2013,22:57:00,Runaway,Unknown/Not Available
14216803,10/01/2013,18:20:00,Runaway,Unknown/Not Available
14254166,11/30/2013,17:08:00,Runaway,Unknown/Not Available
14170867,07/21/2013,18:58:00,"Assault, Simple",Unknown/Not Available
14207812,09/17/2013,15:49:00,Trespass,Unknown/Not Available
14105374,04/03/2013,23:15:00,Disorderly Conduct,Unknown/Not Available
14068570,01/30/2013,02:04:00,"Assault, Simple",Unknown/Not Available
14087792,03/04/2013,10:30:00,Runaway,Unknown/Not Available
14239532,11/05/2013,19:27:00,Disorderly Conduct,Unknown/Not Available
14205674,09/12/2013,20:50:00,Vandalism,Unknown/Not Available
14111237,04/08/2013,11:35:00,Sex Offenses,Unknown/Not Available
14144235,06/07/2013,23:23:00,Disorderly Conduct,Unknown/Not Available
14132835,05/19/2013,21:39:00,Disorderly Conduct,Unknown/Not Available
14135095,05/21/2013,11:54:00,Disorderly Conduct,Unknown/Not Available
14253276,11/28/2013,21:30:00,"Assault, Simple",Unknown/Not Available
14188772,08/10/2013,22:38:00,Larceny,Unknown/Not Available
14140198,06/01/2013,07:28:00,"Assault, Simple",Unknown/Not Available
14145261,06/10/2013,01:20:00,"Assault, Simple",Unknown/Not Available
14168127,07/17/2013,09:00:00,Runaway,Unknown/Not Available
14193547,08/26/2013,10:38:00,Runaway,Unknown/Not Available
14215803,09/17/2013,11:27:00,Sex Offenses,Unknown/Not Available
14056681,01/11/2013,17:30:00,"Assault, Simple",Unknown/Not Available
14056682,01/11/2013,17:30:00,"Assault, Simple",Unknown/Not Available
14139238,05/30/2013,11:05:00,Runaway,Unknown/Not Available
14271494,12/31/2013,06:57:00,Larceny,Unknown/Not Available
14202532,08/31/2013,20:20:00,Rape,Unknown/Not Available
14216791,10/01/2013,10:57:00,Runaway,Unknown/Not Available
14224370,10/12/2013,13:57:00,"Assault, Simple",Unknown/Not Available
14242565,11/09/2013,09:44:00,Disorderly Conduct,Unknown/Not Available
14274453,12/12/2013,09:30:00,Disorderly Conduct,Unknown/Not Available
14083841,02/24/2013,12:18:00,"Assault, Simple",Unknown/Not Available
14250177,11/22/2013,20:25:00,Runaway,Unknown/Not Available
14123958,05/01/2013,09:00:00,Larceny,Unknown/Not Available
14176385,07/29/2013,19:56:00,"Assault, Simple",Unknown/Not Available
14098234,03/22/2013,15:50:00,Runaway,Unknown/Not Available
14057859,01/13/2013,12:30:00,Disorderly Conduct,Unknown/Not Available
14269032,12/26/2013,16:44:00,Disorderly Conduct,Unknown/Not Available
14235564,10/29/2013,14:24:00,"Assault, Simple",Unknown/Not Available
14153772,05/14/2013,14:00:00,"Assault, Simple",Unknown/Not Available
14195205,08/28/2013,09:12:00,Trespass,Unknown/Not Available
14173027,07/16/2013,15:00:00,Burglary,Unknown/Not Available
14133118,05/19/2013,23:11:00,Runaway,Unknown/Not Available
14116118,04/21/2013,02:13:00,Aggravated Assault,Unknown/Not Available
14072439,02/04/2013,18:47:00,Fraud,Unknown/Not Available
14116322,04/21/2013,21:16:00,"Assault, Simple",Unknown/Not Available
14185147,08/11/2013,19:26:00,Aggravated Assault,Unknown/Not Available
14071244,02/03/2013,20:00:00,"Assault, Simple",Unknown/Not Available
14266891,12/21/2013,21:40:00,"Assault, Simple",Unknown/Not Available
14082960,02/23/2013,09:18:00,Aggravated Assault,Unknown/Not Available
14103785,04/01/2013,20:50:00,Runaway,Unknown/Not Available
14050698,01/03/2013,00:36:00,"Assault, Simple",Unknown/Not Available
14257411,12/06/2013,15:11:00,Runaway,Unknown/Not Available
14250181,11/22/2013,21:05:00,Runaway,Unknown/Not Available
14113084,02/14/2013,13:00:00,Sex Offenses,Unknown/Not Available
14083205,02/14/2013,13:00:00,Rape,Unknown/Not Available
14188800,08/17/2013,01:55:00,"Assault, Simple",Unknown/Not Available
14133734,06/09/2013,19:26:00,"Assault, Simple",Unknown/Not Available
14241586,11/07/2013,23:20:00,"Assault, Simple",Unknown/Not Available
14089081,03/05/2013,06:04:00,"Assault, Simple",Unknown/Not Available
14144569,06/07/2013,12:45:00,"Assault, Simple",Unknown/Not Available
14237436,10/26/2013,18:22:00,Larceny,Unknown/Not Available
14177400,07/25/2013,06:30:00,Disorderly Conduct,Unknown/Not Available
14063434,01/14/2013,14:30:00,"Assault, Simple",Unknown/Not Available
14151050,06/19/2013,00:07:00,"Assault, Simple",Unknown/Not Available
14059707,01/16/2013,16:27:00,Runaway,Unknown/Not Available
14142320,06/04/2013,20:38:00,Runaway,Unknown/Not Available
14158063,06/30/2013,10:53:00,Disorderly Conduct,Unknown/Not Available
14243002,11/11/2013,08:39:00,Disorderly Conduct,Unknown/Not Available
14167904,07/16/2013,16:11:00,Disorderly Conduct,Unknown/Not Available
14209329,09/07/2013,20:00:00,Sex Offenses,Unknown/Not Available
14196313,08/23/2013,15:01:00,Rape,Unknown/Not Available
14177459,07/30/2013,23:15:00,"Assault, Simple",Unknown/Not Available
14269036,12/26/2013,17:53:00,"Assault, Simple",Unknown/Not Available
14131042,05/15/2013,15:54:00,"Assault, Simple",Unknown/Not Available
14206058,08/13/2013,17:00:00,Rape,Unknown/Not Available
14095501,03/17/2013,03:21:00,Disorderly Conduct,Unknown/Not Available
14098662,03/16/2013,00:16:00,Curfew,Unknown/Not Available
14173779,07/26/2013,11:17:00,Rape,Unknown/Not Available
14090871,03/09/2013,00:24:00,Runaway,Unknown/Not Available
14127563,05/10/2013,09:05:00,Runaway,Unknown/Not Available
14104765,04/03/2013,00:19:00,"Assault, Simple",Unknown/Not Available
14150232,06/17/2013,20:44:00,Disorderly Conduct,Unknown/Not Available
14092675,03/05/2013,20:26:00,"Assault, Simple",Unknown/Not Available
14125288,05/06/2013,22:48:00,Aggravated Assault,Unknown/Not Available
14245326,11/14/2013,08:10:00,"Assault, Simple",Unknown/Not Available
14074949,02/09/2013,14:48:00,Runaway,Unknown/Not Available
14243437,11/11/2013,03:40:00,"Assault, Simple",Unknown/Not Available
14217170,10/01/2013,19:45:00,Larceny,Unknown/Not Available
14259202,12/05/2013,01:42:00,"Assault, Simple",Unknown/Not Available
14182953,07/31/2013,09:52:00,Sex Offenses,Unknown/Not Available
14245566,11/14/2013,21:21:00,"Assault, Simple",Unknown/Not Available
14080881,02/18/2013,16:40:00,"Assault, Simple",Unknown/Not Available
14219971,10/07/2013,08:58:00,Aggravated Assault,Unknown/Not Available
14120127,04/26/2013,16:39:00,"Assault, Simple",Unknown/Not Available
14245345,11/14/2013,22:15:00,Runaway,Unknown/Not Available
14105869,04/04/2013,19:44:00,Runaway,Unknown/Not Available
14180825,08/05/2013,15:33:00,Runaway,Unknown/Not Available
14060586,01/16/2013,10:45:00,"Assault, Simple",Unknown/Not Available
14057377,01/13/2013,16:43:00,Runaway,Unknown/Not Available
14158062,06/30/2013,05:41:00,"Assault, Simple",Unknown/Not Available
14257211,12/05/2013,13:13:00,"Assault, Simple",Unknown/Not Available
14149341,06/16/2013,13:21:00,"Assault, Simple",Unknown/Not Available
14159665,07/02/2013,12:00:00,Drugs,Unknown/Not Available
14172377,07/24/2013,10:16:00,Vandalism,Unknown/Not Available
14056955,01/12/2013,20:43:00,Runaway,Unknown/Not Available
14170556,07/21/2013,20:05:00,Runaway,Unknown/Not Available
14200196,09/07/2013,23:00:00,Runaway,Unknown/Not Available
14261897,12/13/2013,00:02:00,"Assault, Simple",Unknown/Not Available
14187348,08/06/2013,13:09:00,Rape,Unknown/Not Available
14153814,05/18/2013,16:21:00,Larceny,Unknown/Not Available
14091993,03/10/2013,17:22:00,"Assault, Simple",Unknown/Not Available
14128814,05/09/2013,13:43:00,"Assault, Simple",Unknown/Not Available
14167225,07/15/2013,22:13:00,Runaway,Unknown/Not Available
14227307,10/17/2013,17:30:00,Runaway,Unknown/Not Available
14067004,01/21/2013,17:45:00,Sex Offenses,Unknown/Not Available
14142577,06/04/2013,17:24:00,"Assault, Simple",Unknown/Not Available
14144574,06/08/2013,01:19:00,Disorderly Conduct,Unknown/Not Available
14167220,07/15/2013,17:19:00,Trespass,Unknown/Not Available
14187874,08/07/2013,17:30:00,Sex Offenses,Unknown/Not Available
14204115,09/10/2013,17:40:00,"Assault, Simple",Unknown/Not Available
14243444,11/11/2013,18:30:00,"Assault, Simple",Unknown/Not Available
14179753,07/24/2013,07:24:00,Sex Offenses,Unknown/Not Available
14174942,07/27/2013,22:42:00,"Assault, Simple",Unknown/Not Available
14122584,04/29/2013,11:31:00,Aggravated Assault,Unknown/Not Available
14097015,03/18/2013,18:39:00,Sex Offenses,Unknown/Not Available
14191480,08/21/2013,20:32:00,Runaway,Unknown/Not Available
14187561,08/15/2013,16:34:00,Runaway,Unknown/Not Available
14087308,03/03/2013,14:50:00,Runaway,Unknown/Not Available
14078983,02/15/2013,12:50:00,"Assault, Simple",Unknown/Not Available
14225737,10/15/2013,09:00:00,Runaway,Unknown/Not Available
14150712,06/09/2013,14:37:00,Sex Offenses,Unknown/Not Available
14056957,01/12/2013,21:15:00,Runaway,Unknown/Not Available
14251477,11/25/2013,18:28:00,Disorderly Conduct,Unknown/Not Available
14250171,11/22/2013,14:00:00,Disorderly Conduct,Unknown/Not Available
14246829,11/14/2013,21:53:00,"Assault, Simple",Unknown/Not Available
14258330,12/07/2013,17:31:00,Disorderly Conduct,Unknown/Not Available
14266370,12/20/2013,18:25:00,Runaway,Unknown/Not Available
14220723,09/25/2013,16:39:00,Forgery,Unknown/Not Available
14076842,02/12/2013,01:36:00,Disorderly Conduct,Unknown/Not Available
14049985,01/02/2013,11:28:00,Aggravated Assault,Unknown/Not Available
14121189,04/28/2013,10:48:00,"Assault, Simple",Unknown/Not Available
14104760,04/02/2013,17:48:00,"Assault, Simple",Unknown/Not Available
14245588,11/15/2013,10:36:00,Runaway,Unknown/Not Available
14267928,12/25/2013,02:50:00,Runaway,Unknown/Not Available
14266910,12/22/2013,21:37:00,Runaway,Unknown/Not Available
14263086,12/15/2013,22:25:00,Runaway,Unknown/Not Available
14207364,09/16/2013,22:15:00,Runaway,Unknown/Not Available
14210357,09/21/2013,09:40:00,Runaway,Unknown/Not Available
14150802,06/18/2013,15:30:00,Fraud,Unknown/Not Available
14090507,03/07/2013,21:15:00,Runaway,Unknown/Not Available
14103788,04/01/2013,21:54:00,Runaway,Unknown/Not Available
14087564,03/03/2013,22:43:00,Runaway,Unknown/Not Available
14103396,03/31/2013,23:36:00,Disorderly Conduct,Unknown/Not Available
14250355,11/22/2013,20:57:00,"Assault, Simple",Unknown/Not Available
14149140,06/15/2013,17:31:00,"Assault, Simple",Unknown/Not Available
14188514,08/09/2013,10:25:00,Arson,Unknown/Not Available
14253727,11/29/2013,20:46:00,"Assault, Simple",Unknown/Not Available
14066231,01/25/2013,18:36:00,Disorderly Conduct,Unknown/Not Available
14101980,03/29/2013,07:53:00,Burglary,Unknown/Not Available
14061680,01/11/2013,03:04:00,Rape,Unknown/Not Available
14275276,12/27/2013,09:49:00,Sex Offenses,Unknown/Not Available
14128029,05/10/2013,18:25:00,Aggravated Assault,Unknown/Not Available
14088326,03/04/2013,16:46:00,Disorderly Conduct,Unknown/Not Available
14211292,09/22/2013,02:11:00,"Assault, Simple",Unknown/Not Available
14191478,08/21/2013,21:30:00,Aggravated Assault,Unknown/Not Available
14070430,02/01/2013,23:01:00,Disorderly Conduct,Unknown/Not Available
14205544,09/03/2013,10:47:00,Sex Offenses,Unknown/Not Available
14233095,10/25/2013,22:19:00,"Assault, Simple",Unknown/Not Available
14064814,01/23/2013,16:16:00,"Assault, Simple",Unknown/Not Available
14261899,12/13/2013,00:29:00,Disorderly Conduct,Unknown/Not Available
14163742,07/09/2013,08:38:00,"Assault, Simple",Unknown/Not Available
14077223,02/12/2013,03:12:00,"Assault, Simple",Unknown/Not Available
14132291,05/13/2013,19:13:00,"Assault, Simple",Unknown/Not Available
14132290,05/13/2013,19:13:00,Aggravated Assault,Unknown/Not Available
14249034,11/20/2013,03:37:00,"Assault, Simple",Unknown/Not Available
14094243,03/08/2013,12:05:00,Rape,Unknown/Not Available
14206228,09/13/2013,19:36:00,Vandalism,Unknown/Not Available
14055234,01/10/2013,00:02:00,"Assault, Simple",Unknown/Not Available
14176945,07/30/2013,14:05:00,Aggravated Assault,Unknown/Not Available
14166509,07/12/2013,19:32:00,"Assault, Simple",Unknown/Not Available
14115660,04/19/2013,09:24:00,Larceny,Unknown/Not Available
14061023,01/17/2013,21:07:00,Runaway,Unknown/Not Available
14227278,10/16/2013,12:55:00,"Assault, Simple",Unknown/Not Available
14207515,08/10/2013,15:02:00,Arson,Unknown/Not Available
14220412,09/24/2013,17:47:00,Sex Offenses,Unknown/Not Available
14104758,04/02/2013,18:41:00,Runaway,Unknown/Not Available
14258361,12/08/2013,13:38:00,Vandalism,Unknown/Not Available
14222384,10/10/2013,01:52:00,"Assault, Simple",Unknown/Not Available
14133689,05/19/2013,22:40:00,Disorderly Conduct,Unknown/Not Available
14232293,10/24/2013,15:39:00,Aggravated Assault,Unknown/Not Available
14167201,07/14/2013,17:36:00,Aggravated Assault,Unknown/Not Available
14083736,02/15/2013,21:33:00,Rape,Unknown/Not Available
14097583,03/18/2013,20:36:00,Trespass,Unknown/Not Available
14065473,01/20/2013,18:09:00,Disorderly Conduct,Unknown/Not Available
14245877,11/14/2013,16:14:00,Disorderly Conduct,Unknown/Not Available
14244942,11/13/2013,23:34:00,"Assault, Simple",Unknown/Not Available
14119637,04/24/2013,15:00:00,"Assault, Simple",Unknown/Not Available
14227723,10/17/2013,00:19:00,Aggravated Assault,Unknown/Not Available
14208621,09/18/2013,19:29:00,Runaway,Unknown/Not Available
14251844,11/26/2013,06:03:00,Runaway,Unknown/Not Available
14231022,10/23/2013,18:30:00,Runaway,Unknown/Not Available
14095502,03/17/2013,05:50:00,Aggravated Assault,Unknown/Not Available
14138002,05/28/2013,10:00:00,"Assault, Simple",Unknown/Not Available
14174693,07/26/2013,08:10:00,"Assault, Simple",Unknown/Not Available
14101907,03/23/2013,12:55:00,Aggravated Assault,Unknown/Not Available
14199095,09/03/2013,21:57:00,"Assault, Simple",Unknown/Not Available
14270041,12/20/2013,06:02:00,Sex Offenses,Unknown/Not Available
14063055,01/16/2013,12:43:00,Disorderly Conduct,Unknown/Not Available
14156621,06/17/2013,03:51:00,Arson,Unknown/Not Available
14232217,10/15/2013,17:14:00,Rape,Unknown/Not Available
14210095,09/20/2013,23:23:00,Runaway,Unknown/Not Available
14191489,08/21/2013,23:46:00,Aggravated Assault,Unknown/Not Available
14098782,03/22/2013,17:00:00,"Assault, Simple",Unknown/Not Available
14124643,05/05/2013,05:14:00,Larceny,Unknown/Not Available
14229831,10/21/2013,18:21:00,"Assault, Simple",Unknown/Not Available
14236277,10/30/2013,13:33:00,"Assault, Simple",Unknown/Not Available
14080908,02/20/2013,18:23:00,Runaway,Unknown/Not Available
14052989,01/07/2013,16:23:00,Disorderly Conduct,Unknown/Not Available
14105369,04/03/2013,18:27:00,"Assault, Simple",Unknown/Not Available
14245500,11/07/2013,13:13:00,Aggravated Assault,Unknown/Not Available
14097251,03/20/2013,18:56:00,Runaway,Unknown/Not Available
14218084,10/02/2013,16:26:00,"Assault, Simple",Unknown/Not Available
14101263,03/27/2013,21:11:00,Runaway,Unknown/Not Available
14195958,08/28/2013,22:43:00,Trespass,Unknown/Not Available
14053002,01/07/2013,21:39:00,Runaway,Unknown/Not Available
14053001,01/07/2013,21:39:00,Runaway,Unknown/Not Available
14215323,09/16/2013,16:38:00,Sex Offenses,Unknown/Not Available
14118091,04/24/2013,06:38:00,Disorderly Conduct,Unknown/Not Available
14150033,06/18/2013,00:11:00,Runaway,Unknown/Not Available
14270948,12/30/2013,13:00:00,Larceny,Unknown/Not Available
14172385,07/24/2013,14:44:00,Runaway,Unknown/Not Available
14263849,12/17/2013,13:17:00,Runaway,Unknown/Not Available
14241868,11/09/2013,15:00:00,Larceny,Unknown/Not Available
14210325,09/19/2013,01:59:00,"Assault, Simple",Unknown/Not Available
14103131,03/31/2013,02:40:00,"Assault, Simple",Unknown/Not Available
14059708,01/16/2013,16:50:00,Runaway,Unknown/Not Available
14220418,09/24/2013,14:33:00,Arson,Unknown/Not Available
14223646,09/24/2013,04:43:00,Arson,Unknown/Not Available
14221561,09/27/2013,07:57:00,Arson,Unknown/Not Available
14135008,05/16/2013,12:53:00,Sex Offenses,Unknown/Not Available
14166512,07/13/2013,19:15:00,Aggravated Assault,Unknown/Not Available
14185168,08/12/2013,14:00:00,Runaway,Unknown/Not Available
14120848,04/29/2013,00:06:00,Trespass,Unknown/Not Available
14123694,05/03/2013,07:33:00,Disorderly Conduct,Unknown/Not Available
14259462,12/09/2013,13:48:00,Vandalism,Unknown/Not Available
14213470,09/26/2013,02:23:00,"Assault, Simple",Unknown/Not Available
14218022,09/20/2013,19:14:00,Arson,Unknown/Not Available
14224397,10/13/2013,18:32:00,Runaway,Unknown/Not Available
14196345,08/29/2013,19:56:00,Runaway,Unknown/Not Available
14214296,09/27/2013,01:02:00,"Assault, Simple",Unknown/Not Available
14223526,10/11/2013,18:28:00,Larceny,Unknown/Not Available
14099193,03/24/2013,02:17:00,Vandalism,Unknown/Not Available
14168536,07/07/2013,10:08:00,Rape,Unknown/Not Available
14269037,12/26/2013,18:15:00,"Assault, Simple",Unknown/Not Available
14152930,06/21/2013,22:45:00,"Assault, Simple",Unknown/Not Available
14210345,09/20/2013,23:43:00,"Assault, Simple",Unknown/Not Available
14091315,03/09/2013,23:28:00,Runaway,Unknown/Not Available
14239535,11/05/2013,21:00:00,Runaway,Unknown/Not Available
14119287,04/26/2013,20:00:00,Runaway,Unknown/Not Available
14208622,09/18/2013,19:51:00,Runaway,Unknown/Not Available
14223456,09/29/2013,20:44:00,"Assault, Simple",Unknown/Not Available
14212123,09/24/2013,16:40:00,Runaway,Unknown/Not Available
14162261,07/07/2013,19:56:00,Runaway,Unknown/Not Available
14081486,02/14/2013,11:58:00,Fraud,Unknown/Not Available
14090873,03/09/2013,02:30:00,Runaway,Unknown/Not Available
14133514,05/20/2013,22:45:00,Runaway,Unknown/Not Available
14100594,03/26/2013,20:05:00,Runaway,Unknown/Not Available
14258347,12/08/2013,02:34:00,"Assault, Simple",Unknown/Not Available
14152220,05/01/2013,00:09:00,Arson,Unknown/Not Available
14158815,06/24/2013,13:23:00,Trespass,Unknown/Not Available
14247053,11/18/2013,17:30:00,Runaway,Unknown/Not Available
14128848,05/12/2013,23:20:00,Runaway,Unknown/Not Available
14183945,07/24/2013,13:30:00,Sex Offenses,Unknown/Not Available
14185113,08/01/2013,19:11:00,Vandalism,Unknown/Not Available
14166326,07/03/2013,12:40:00,Sex Offenses,Unknown/Not Available
14137009,05/20/2013,17:45:00,Sex Offenses,Unknown/Not Available
14095497,03/16/2013,23:41:00,Disorderly Conduct,Unknown/Not Available
14239959,11/06/2013,11:53:00,Disorderly Conduct,Unknown/Not Available
14250782,11/24/2013,17:54:00,Runaway,Unknown/Not Available
14095063,03/16/2013,05:30:00,"Assault, Simple",Unknown/Not Available
14199085,09/03/2013,14:36:00,Vandalism,Unknown/Not Available
14083348,02/23/2013,15:36:00,Trespass,Unknown/Not Available
14109817,04/10/2013,21:38:00,Disorderly Conduct,Unknown/Not Available
14069221,01/30/2013,18:46:00,"Assault, Simple",Unknown/Not Available
14097606,03/21/2013,06:35:00,Runaway,Unknown/Not Available
14170875,07/22/2013,10:40:00,Runaway,Unknown/Not Available
14143342,06/05/2013,19:52:00,"Assault, Simple",Unknown/Not Available
14052104,01/06/2013,02:59:00,"Assault, Simple",Unknown/Not Available
14164764,07/11/2013,07:25:00,Runaway,Unknown/Not Available
14181133,07/29/2013,12:45:00,Larceny,Unknown/Not Available
14087786,03/04/2013,03:14:00,Disorderly Conduct,Unknown/Not Available
14210093,09/04/2013,12:41:00,Larceny,Unknown/Not Available
14223644,09/26/2013,12:43:00,Sex Offenses,Unknown/Not Available
14239966,11/06/2013,17:58:00,Runaway,Unknown/Not Available
14241869,11/07/2013,04:30:00,Aggravated Assault,Unknown/Not Available
14135075,05/18/2013,06:00:00,Burglary,Unknown/Not Available
14208605,09/18/2013,13:06:00,Runaway,Unknown/Not Available
14158403,06/26/2013,14:41:00,Disorderly Conduct,Unknown/Not Available
14222055,10/08/2013,10:15:00,Disorderly Conduct,Unknown/Not Available
14218075,10/02/2013,13:00:00,"Assault, Simple",Unknown/Not Available
14220518,10/07/2013,16:05:00,"Assault, Simple",Unknown/Not Available
14077242,02/12/2013,20:54:00,Runaway,Unknown/Not Available
14150237,06/18/2013,02:42:00,Runaway,Unknown/Not Available
14127279,05/09/2013,23:46:00,Runaway,Unknown/Not Available
14135509,05/24/2013,01:13:00,Runaway,Unknown/Not Available
14139871,04/03/2013,17:20:00,Rape,Unknown/Not Available
14160519,06/25/2013,15:54:00,Sex Offenses,Unknown/Not Available
14222952,09/19/2013,02:11:00,Arson,Unknown/Not Available
14146001,06/10/2013,09:25:00,Trespass,Unknown/Not Available
14216020,09/29/2013,19:17:00,"Assault, Simple",Unknown/Not Available
14193925,08/26/2013,08:30:00,"Assault, Simple",Unknown/Not Available
14146046,06/11/2013,17:10:00,Runaway,Unknown/Not Available
14286970,12/22/2013,20:29:00,Rape,Unknown/Not Available
14198484,08/27/2013,09:59:00,Aggravated Assault,Unknown/Not Available
14247608,11/18/2013,20:45:00,Runaway,Unknown/Not Available
14051116,01/03/2013,19:53:00,"Assault, Simple",Unknown/Not Available
14049257,01/01/2013,13:24:00,Disorderly Conduct,Unknown/Not Available
14191949,08/22/2013,09:23:00,"Assault, Simple",Unknown/Not Available
14171592,07/23/2013,14:17:00,Trespass,Unknown/Not Available
14102936,03/30/2013,19:33:00,"Assault, Simple",Unknown/Not Available
14068549,01/29/2013,09:14:00,"Assault, Simple",Unknown/Not Available
14227918,10/08/2013,19:52:00,Rape,Unknown/Not Available
14066796,01/21/2013,20:10:00,Offenses Against Family,Unknown/Not Available
14148072,06/13/2013,13:05:00,Disorderly Conduct,Unknown/Not Available
14107544,04/05/2013,03:32:00,Trespass,Unknown/Not Available
14109318,04/09/2013,19:13:00,"Assault, Simple",Unknown/Not Available
14088319,03/04/2013,10:00:00,"Assault, Simple",Unknown/Not Available
14086788,03/02/2013,02:23:00,Runaway,Unknown/Not Available
14250545,11/19/2013,12:24:00,Burglary,Unknown/Not Available
14227998,10/10/2013,11:57:00,Disorderly Conduct,Unknown/Not Available
14246669,11/16/2013,12:11:00,Disorderly Conduct,Unknown/Not Available
14063998,01/23/2013,11:17:00,Disorderly Conduct,Unknown/Not Available
14128027,05/10/2013,18:29:00,"Assault, Simple",Unknown/Not Available
14158087,06/30/2013,22:50:00,Runaway,Unknown/Not Available
14137577,05/28/2013,17:18:00,Runaway,Unknown/Not Available
14125284,05/06/2013,19:01:00,Fraud,Unknown/Not Available
14125290,05/06/2013,19:01:00,Forgery,Unknown/Not Available
14263826,12/16/2013,17:02:00,Disorderly Conduct,Unknown/Not Available
14219540,09/26/2013,10:43:00,Vandalism,Unknown/Not Available
14155835,06/26/2013,14:39:00,"Assault, Simple",Unknown/Not Available
14098469,03/21/2013,22:40:00,"Assault, Simple",Unknown/Not Available
14261916,12/13/2013,15:45:00,Disorderly Conduct,Unknown/Not Available
14112378,04/14/2013,22:45:00,"Assault, Simple",Unknown/Not Available
14100877,03/22/2013,09:11:00,Larceny,Unknown/Not Available
14139399,03/15/2013,01:21:00,Arson,Unknown/Not Available
14146041,06/11/2013,14:20:00,Runaway,Unknown/Not Available
14148593,06/14/2013,22:38:00,Runaway,Unknown/Not Available
14213477,09/26/2013,08:00:00,Runaway,Unknown/Not Available
14249665,11/21/2013,21:02:00,Runaway,Unknown/Not Available
14213476,09/26/2013,08:00:00,Runaway,Unknown/Not Available
14148595,06/14/2013,22:38:00,Runaway,Unknown/Not Available
14192938,08/24/2013,19:53:00,Runaway,Unknown/Not Available
14158056,06/29/2013,18:33:00,"Assault, Simple",Unknown/Not Available
14106224,04/04/2013,13:13:00,Aggravated Assault,Unknown/Not Available
14219344,10/05/2013,18:20:00,Trespass,Unknown/Not Available
14152366,06/21/2013,18:19:00,Runaway,Unknown/Not Available
14243018,11/11/2013,19:31:00,Trespass,Unknown/Not Available
14246092,11/15/2013,18:10:00,"Assault, Simple",Unknown/Not Available
14088785,02/28/2013,21:25:00,Disorderly Conduct,Unknown/Not Available
14197647,08/31/2013,17:16:00,Larceny,Unknown/Not Available
14245589,11/15/2013,10:34:00,Runaway,Unknown/Not Available
14216794,10/01/2013,14:30:00,Runaway,Unknown/Not Available
14266380,12/20/2013,21:42:00,Runaway,Unknown/Not Available
14273424,11/23/2013,23:42:00,Arson,Unknown/Not Available
14266715,12/22/2013,16:00:00,Runaway,Unknown/Not Available
14126921,05/09/2013,18:00:00,Runaway,Unknown/Not Available
14244582,11/07/2013,09:56:00,Burglary,Unknown/Not Available
14083874,02/25/2013,14:08:00,Runaway,Unknown/Not Available
14066139,01/20/2013,08:02:00,Larceny,Unknown/Not Available
14158408,07/01/2013,17:38:00,Runaway,Unknown/Not Available
14233085,10/25/2013,18:05:00,"Assault, Simple",Unknown/Not Available
14135503,05/23/2013,20:44:00,Runaway,Unknown/Not Available
14250632,11/09/2013,10:29:00,"Assault, Simple",Unknown/Not Available
14119110,04/26/2013,01:34:00,Runaway,Unknown/Not Available
14143882,06/06/2013,18:02:00,Larceny,Unknown/Not Available
14250633,11/09/2013,10:29:00,"Assault, Simple",Unknown/Not Available
14079062,02/14/2013,11:19:00,"Assault, Simple",Unknown/Not Available
14241000,11/08/2013,00:25:00,Runaway,Unknown/Not Available
14084412,02/25/2013,18:21:00,"Assault, Simple",Unknown/Not Available
14153573,06/22/2013,16:09:00,Burglary,Unknown/Not Available
14167353,07/05/2013,10:33:00,Vandalism,Unknown/Not Available
14206522,09/13/2013,22:18:00,"Assault, Simple",Unknown/Not Available
